investor_id,sip_count,first_sip,last_sip,avg_gap_days,at_risk
INV000001,2,2024-11-04,2025-01-19,38.0,True
INV000002,3,2024-03-29,2025-05-17,138.0,True
INV000003,2,2024-07-16,2025-03-11,119.0,True
INV000004,6,2024-03-16,2025-05-17,71.16666666666667,True
INV000005,3,2024-09-13,2024-10-11,9.333333333333334,False
INV000006,5,2024-01-02,2025-05-11,99.0,True
INV000007,5,2024-01-03,2025-02-24,83.6,True
INV000008,6,2024-05-27,2025-05-14,58.666666666666664,True
INV000009,4,2024-02-20,2024-11-02,64.0,True
INV000010,6,2024-04-11,2025-03-01,54.0,True
INV000011,7,2024-01-03,2024-08-31,34.42857142857143,False
INV000012,8,2024-03-27,2025-04-30,49.875,True
INV000013,7,2024-04-18,2025-03-16,47.42857142857143,True
INV000014,7,2024-02-23,2025-05-20,64.57142857142857,True
INV000015,1,2025-01-05,2025-01-05,0.0,False
INV000016,1,2024-06-18,2024-06-18,0.0,False
INV000017,1,2025-03-23,2025-03-23,0.0,False
INV000018,2,2025-01-18,2025-03-09,25.0,False
INV000019,3,2024-01-17,2025-03-02,136.66666666666666,True
INV000020,2,2024-06-28,2024-07-14,8.0,False
INV000021,3,2024-06-06,2025-03-21,96.0,True
INV000022,2,2024-05-18,2024-06-27,20.0,False
INV000023,8,2024-03-21,2025-05-05,51.25,True
INV000024,5,2024-05-05,2025-03-04,60.6,True
INV000025,1,2024-05-01,2024-05-01,0.0,False
INV000026,4,2024-01-18,2025-03-27,108.5,True
INV000027,2,2024-05-29,2025-05-05,170.5,True
INV000028,6,2024-02-07,2025-05-20,78.0,True
INV000029,7,2024-05-16,2025-05-15,52.0,True
INV000030,9,2024-02-19,2025-03-06,42.333333333333336,True
INV000031,3,2024-07-13,2025-04-29,96.66666666666667,True
INV000032,4,2024-03-01,2025-01-02,76.75,True
INV000033,8,2024-06-24,2025-05-09,39.875,True
INV000034,1,2025-02-10,2025-02-10,0.0,False
INV000035,2,2024-11-11,2025-04-04,72.0,True
INV000036,2,2024-05-29,2024-09-05,49.5,True
INV000037,2,2024-11-22,2025-01-24,31.5,False
INV000038,4,2024-08-14,2025-03-09,51.75,True
INV000039,6,2024-04-27,2025-04-05,57.166666666666664,True
INV000040,5,2024-06-26,2025-02-01,44.0,True
INV000041,1,2024-09-30,2024-09-30,0.0,False
INV000042,4,2025-03-14,2025-05-21,17.0,False
INV000043,1,2025-03-31,2025-03-31,0.0,False
INV000044,2,2025-01-11,2025-01-28,8.5,False
INV000045,6,2024-03-13,2025-03-01,58.833333333333336,True
INV000046,4,2025-02-14,2025-05-26,25.25,False
INV000047,2,2024-01-10,2024-03-27,38.5,True
INV000048,9,2024-03-27,2025-03-30,40.888888888888886,True
INV000049,3,2024-01-20,2025-05-29,165.0,True
INV000050,2,2024-08-12,2025-01-02,71.5,True
INV000051,3,2024-02-27,2024-07-25,49.666666666666664,True
INV000052,6,2024-03-31,2024-09-28,30.166666666666668,False
INV000053,2,2025-04-29,2025-05-06,3.5,False
INV000054,5,2024-05-30,2025-02-27,54.6,True
INV000055,5,2024-01-30,2025-03-05,80.0,True
INV000056,6,2024-01-10,2025-01-18,62.333333333333336,True
INV000057,8,2024-04-30,2025-04-13,43.5,True
INV000058,5,2024-02-08,2024-12-11,61.4,True
INV000059,1,2024-01-10,2024-01-10,0.0,False
INV000060,2,2024-04-26,2024-07-25,45.0,True
INV000061,3,2024-02-21,2024-04-01,13.333333333333334,False
INV000062,5,2024-01-30,2025-05-08,92.8,True
INV000063,3,2024-01-19,2025-03-30,145.33333333333334,True
INV000065,4,2024-05-06,2025-04-08,84.25,True
INV000066,2,2024-11-25,2025-03-03,49.0,True
INV000067,1,2024-10-29,2024-10-29,0.0,False
INV000069,10,2024-02-14,2025-05-01,44.2,True
INV000070,3,2024-03-14,2024-09-14,61.333333333333336,True
INV000071,4,2024-03-28,2024-06-09,18.25,False
INV000072,6,2024-03-24,2025-05-13,69.16666666666667,True
INV000073,9,2024-03-20,2025-04-10,42.888888888888886,True
INV000074,8,2024-01-08,2025-05-30,63.5,True
INV000075,6,2024-05-01,2025-05-10,62.333333333333336,True
INV000076,6,2024-02-06,2025-05-10,76.5,True
INV000078,1,2025-05-17,2025-05-17,0.0,False
INV000079,6,2024-06-02,2025-04-27,54.833333333333336,True
INV000080,4,2024-06-27,2025-02-25,60.75,True
INV000081,7,2024-01-01,2025-05-03,69.71428571428571,True
INV000082,7,2024-01-09,2025-05-25,71.71428571428571,True
INV000083,1,2024-08-11,2024-08-11,0.0,False
INV000084,4,2024-02-10,2024-12-12,76.5,True
INV000085,5,2024-02-02,2025-02-01,73.0,True
INV000086,10,2024-02-05,2025-03-13,40.2,True
INV000087,6,2024-02-20,2025-05-29,77.33333333333333,True
INV000088,2,2024-07-24,2024-08-02,4.5,False
INV000089,4,2024-05-29,2025-05-28,91.0,True
INV000090,3,2024-07-08,2025-04-25,97.0,True
INV000091,8,2024-01-04,2024-11-07,38.5,True
INV000092,3,2024-10-18,2024-11-02,5.0,False
INV000093,7,2024-01-30,2024-12-28,47.57142857142857,True
INV000094,6,2024-04-04,2024-11-14,37.333333333333336,True
INV000095,6,2024-04-19,2025-04-01,57.833333333333336,True
INV000096,2,2024-12-14,2024-12-16,1.0,False
INV000097,7,2024-05-10,2025-04-02,46.714285714285715,True
INV000098,5,2024-10-02,2025-04-25,41.0,True
INV000099,5,2024-03-19,2025-03-21,73.4,True
INV000100,3,2024-02-04,2025-04-09,143.33333333333334,True
INV000101,8,2024-02-08,2025-05-08,56.875,True
INV000102,8,2024-02-11,2025-05-13,57.125,True
INV000103,6,2024-02-08,2025-03-31,69.5,True
INV000104,5,2024-01-06,2025-04-10,92.0,True
INV000105,8,2024-01-02,2025-02-04,49.875,True
INV000106,2,2024-12-09,2025-03-31,56.0,True
INV000107,3,2024-05-04,2024-11-20,66.66666666666667,True
INV000108,3,2024-10-11,2025-02-28,46.666666666666664,True
INV000109,9,2024-02-29,2025-03-05,41.111111111111114,True
INV000110,3,2024-04-26,2024-12-26,81.33333333333333,True
INV000111,1,2024-12-16,2024-12-16,0.0,False
INV000112,3,2024-02-13,2024-10-11,80.33333333333333,True
INV000113,8,2024-02-11,2024-12-29,40.25,True
INV000114,1,2024-05-17,2024-05-17,0.0,False
INV000115,4,2024-02-02,2025-03-29,105.25,True
INV000116,3,2024-04-27,2025-03-08,105.0,True
INV000117,4,2024-04-04,2025-03-22,88.0,True
INV000118,5,2024-09-01,2025-03-22,40.4,True
INV000119,2,2024-09-14,2025-02-03,71.0,True
INV000120,3,2024-05-28,2025-01-18,78.33333333333333,True
INV000121,2,2024-06-13,2024-11-30,85.0,True
INV000122,1,2024-03-25,2024-03-25,0.0,False
INV000123,7,2024-03-28,2025-03-21,51.142857142857146,True
INV000124,4,2024-02-15,2025-04-24,108.5,True
INV000125,5,2024-06-16,2025-05-25,68.6,True
INV000126,1,2025-01-25,2025-01-25,0.0,False
INV000127,1,2025-02-01,2025-02-01,0.0,False
INV000128,6,2024-03-19,2025-05-03,68.33333333333333,True
INV000129,5,2024-03-06,2025-05-14,86.8,True
INV000130,2,2024-08-17,2025-02-03,85.0,True
INV000131,7,2024-04-05,2025-03-07,48.0,True
INV000132,6,2024-05-12,2025-05-02,59.166666666666664,True
INV000133,6,2024-02-15,2025-05-01,73.5,True
INV000134,3,2024-01-20,2024-07-12,58.0,True
INV000135,3,2024-01-24,2024-09-20,80.0,True
INV000136,1,2024-09-02,2024-09-02,0.0,False
INV000137,4,2024-05-25,2025-01-24,61.0,True
INV000138,6,2024-05-06,2025-05-22,63.5,True
INV000139,1,2024-03-24,2024-03-24,0.0,False
INV000140,2,2024-04-09,2024-09-13,78.5,True
INV000141,1,2025-03-18,2025-03-18,0.0,False
INV000143,4,2024-02-28,2025-01-01,77.0,True
INV000144,3,2024-01-04,2025-01-03,121.66666666666667,True
INV000145,6,2024-02-17,2025-05-09,74.5,True
INV000146,6,2024-02-12,2025-01-11,55.666666666666664,True
INV000147,4,2024-05-11,2025-04-24,87.0,True
INV000148,9,2024-03-11,2025-05-01,46.22222222222222,True
INV000150,5,2024-02-15,2025-03-24,80.6,True
INV000151,3,2024-04-14,2025-01-12,91.0,True
INV000152,1,2024-11-21,2024-11-21,0.0,False
INV000153,4,2024-06-20,2024-10-30,33.0,False
INV000154,5,2024-05-07,2025-01-18,51.2,True
INV000155,7,2024-06-18,2025-01-28,32.0,False
INV000156,4,2024-01-08,2025-05-01,119.75,True
INV000158,5,2024-03-07,2025-04-23,82.4,True
INV000159,3,2024-04-19,2025-05-26,134.0,True
INV000160,3,2024-08-03,2024-10-16,24.666666666666668,False
INV000161,7,2024-02-23,2025-05-06,62.57142857142857,True
INV000162,2,2024-03-06,2025-05-15,217.5,True
INV000163,8,2024-01-06,2025-03-08,53.375,True
INV000164,6,2024-04-17,2025-02-20,51.5,True
INV000165,4,2024-03-30,2025-05-29,106.25,True
INV000166,4,2024-01-06,2025-05-18,124.5,True
INV000167,5,2024-01-09,2025-02-02,78.0,True
INV000168,1,2024-02-22,2024-02-22,0.0,False
INV000169,7,2024-03-17,2025-04-28,58.142857142857146,True
INV000170,2,2024-08-13,2024-08-31,9.0,False
INV000171,2,2024-01-11,2024-04-18,49.0,True
INV000172,4,2024-04-12,2025-05-17,100.0,True
INV000173,7,2024-04-18,2025-03-30,49.42857142857143,True
INV000174,5,2024-01-27,2025-05-19,95.6,True
INV000175,7,2024-01-12,2025-05-28,71.71428571428571,True
INV000176,3,2024-02-08,2025-03-17,134.33333333333334,True
INV000177,8,2024-01-16,2025-04-18,57.25,True
INV000178,2,2024-06-08,2025-01-24,115.0,True
INV000179,5,2024-05-25,2024-10-31,31.8,False
INV000180,6,2024-05-07,2025-03-12,51.5,True
INV000181,3,2024-01-05,2024-11-21,107.0,True
INV000182,5,2024-04-15,2025-01-22,56.4,True
INV000183,9,2024-02-20,2025-05-14,49.888888888888886,True
INV000184,1,2024-02-10,2024-02-10,0.0,False
INV000185,2,2024-05-04,2024-11-16,98.0,True
INV000189,3,2024-01-14,2024-11-16,102.33333333333333,True
INV000190,5,2024-10-21,2025-05-29,44.0,True
INV000191,7,2024-04-12,2025-03-17,48.42857142857143,True
INV000192,5,2024-02-11,2025-03-16,79.8,True
INV000193,4,2024-01-28,2025-05-08,116.5,True
INV000194,7,2024-05-23,2025-05-06,49.714285714285715,True
INV000195,6,2024-04-08,2025-04-30,64.5,True
INV000196,7,2024-03-17,2025-05-05,59.142857142857146,True
INV000197,1,2025-02-26,2025-02-26,0.0,False
INV000198,1,2024-09-07,2024-09-07,0.0,False
INV000199,4,2024-08-13,2025-02-24,48.75,True
INV000200,4,2024-01-16,2024-12-22,85.25,True
INV000201,9,2024-01-17,2025-03-01,45.44444444444444,True
INV000202,2,2024-03-21,2025-03-04,174.0,True
INV000203,5,2024-03-19,2024-09-06,34.2,False
INV000204,2,2025-01-23,2025-03-12,24.0,False
INV000205,8,2024-01-27,2025-04-09,54.75,True
INV000206,1,2024-09-26,2024-09-26,0.0,False
INV000207,5,2024-04-25,2025-05-10,76.0,True
INV000208,1,2024-06-19,2024-06-19,0.0,False
INV000209,1,2025-01-05,2025-01-05,0.0,False
INV000210,8,2024-01-14,2025-05-23,61.875,True
INV000211,5,2024-02-07,2025-05-16,92.8,True
INV000212,1,2024-06-18,2024-06-18,0.0,False
INV000213,4,2024-03-09,2024-12-04,67.5,True
INV000214,6,2024-01-11,2025-04-29,79.0,True
INV000215,5,2024-01-18,2025-03-30,87.4,True
INV000216,4,2024-06-22,2024-12-23,46.0,True
INV000217,6,2024-02-04,2025-05-09,76.66666666666667,True
INV000218,1,2024-05-31,2024-05-31,0.0,False
INV000219,3,2024-07-01,2025-03-10,84.0,True
INV000220,5,2024-01-12,2025-02-18,80.6,True
INV000221,5,2024-11-28,2025-04-16,27.8,False
INV000222,4,2024-07-09,2024-11-05,29.75,False
INV000223,5,2024-01-13,2025-04-16,91.8,True
INV000224,4,2024-07-23,2025-03-04,56.0,True
INV000225,4,2024-02-10,2025-02-20,94.0,True
INV000226,4,2024-06-11,2025-02-19,63.25,True
INV000227,3,2024-03-09,2024-10-11,72.0,True
INV000228,9,2024-01-10,2025-05-02,53.111111111111114,True
INV000229,5,2024-08-08,2025-05-06,54.2,True
INV000230,5,2024-01-24,2024-09-23,48.6,True
INV000231,5,2024-02-10,2024-08-16,37.6,True
INV000232,1,2024-04-12,2024-04-12,0.0,False
INV000233,1,2024-01-10,2024-01-10,0.0,False
INV000234,5,2024-01-01,2025-05-02,97.4,True
INV000235,4,2024-05-09,2024-12-18,55.75,True
INV000236,8,2024-01-18,2025-05-02,58.75,True
INV000237,1,2024-10-09,2024-10-09,0.0,False
INV000238,6,2024-02-08,2025-05-21,78.0,True
INV000239,8,2024-04-16,2025-03-24,42.75,True
INV000240,1,2024-10-30,2024-10-30,0.0,False
INV000241,3,2024-06-24,2025-01-31,73.66666666666667,True
INV000242,3,2024-07-12,2024-11-14,41.666666666666664,True
INV000243,6,2024-01-25,2025-04-10,73.5,True
INV000244,4,2024-02-19,2024-04-29,17.5,False
INV000245,6,2024-02-08,2025-05-14,76.83333333333333,True
INV000246,4,2024-01-18,2024-10-21,69.25,True
INV000248,1,2025-01-03,2025-01-03,0.0,False
INV000249,7,2024-04-09,2025-01-07,39.0,True
INV000251,2,2024-06-04,2025-01-13,111.5,True
INV000252,6,2024-01-25,2024-10-03,42.0,True
INV000253,1,2025-04-16,2025-04-16,0.0,False
INV000254,2,2024-08-26,2025-05-02,124.5,True
INV000255,6,2024-03-05,2024-11-03,40.5,True
INV000256,6,2024-03-02,2025-02-16,58.5,True
INV000257,5,2024-05-03,2025-05-11,74.6,True
INV000258,1,2024-05-31,2024-05-31,0.0,False
INV000259,6,2024-01-25,2025-01-12,58.833333333333336,True
INV000260,8,2024-01-08,2025-02-28,52.125,True
INV000261,4,2024-01-14,2025-02-11,98.5,True
INV000262,8,2024-04-18,2025-04-28,46.875,True
INV000263,8,2024-01-11,2025-05-04,59.875,True
INV000264,1,2025-05-17,2025-05-17,0.0,False
INV000265,10,2024-01-25,2025-05-20,48.1,True
INV000266,4,2024-02-01,2024-11-30,75.75,True
INV000267,5,2024-02-25,2025-02-06,69.4,True
INV000268,7,2024-01-22,2025-01-30,53.42857142857143,True
INV000269,2,2024-01-21,2024-07-19,90.0,True
INV000270,2,2024-02-23,2024-07-02,65.0,True
INV000271,2,2024-06-08,2025-05-16,171.0,True
INV000272,4,2024-07-28,2025-05-13,72.25,True
INV000273,1,2025-03-19,2025-03-19,0.0,False
INV000274,5,2024-03-09,2025-04-16,80.6,True
INV000275,2,2024-07-17,2024-08-03,8.5,False
INV000276,4,2024-03-08,2024-11-03,60.0,True
INV000277,1,2024-08-29,2024-08-29,0.0,False
INV000278,2,2024-03-25,2025-03-14,177.0,True
INV000279,9,2024-03-01,2025-02-11,38.55555555555556,True
INV000280,9,2024-01-22,2025-04-12,49.55555555555556,True
INV000281,1,2024-04-04,2024-04-04,0.0,False
INV000282,2,2025-03-18,2025-05-10,26.5,False
INV000283,6,2024-02-11,2025-01-16,56.666666666666664,True
INV000284,4,2024-08-31,2025-02-21,43.5,True
INV000285,2,2024-04-25,2024-09-12,70.0,True
INV000286,5,2024-01-15,2025-04-19,92.0,True
INV000287,7,2024-01-17,2025-03-11,59.857142857142854,True
INV000288,5,2024-01-07,2025-04-08,91.4,True
INV000289,8,2024-01-21,2025-04-04,54.875,True
INV000290,1,2024-04-10,2024-04-10,0.0,False
INV000291,6,2024-02-13,2025-05-03,74.16666666666667,True
INV000292,7,2024-05-13,2025-02-13,39.42857142857143,True
INV000293,7,2024-01-09,2024-10-17,40.285714285714285,True
INV000294,5,2024-02-13,2024-09-18,43.6,True
INV000295,2,2024-06-28,2024-07-06,4.0,False
INV000296,2,2024-05-19,2024-10-24,79.0,True
INV000297,6,2024-02-01,2025-04-29,75.5,True
INV000298,5,2024-03-15,2025-03-20,74.0,True
INV000299,6,2024-03-22,2025-05-22,71.0,True
INV000300,3,2024-06-21,2024-11-21,51.0,True
INV000301,5,2024-08-25,2025-05-26,54.8,True
INV000302,1,2024-06-24,2024-06-24,0.0,False
INV000303,3,2024-02-10,2025-04-03,139.33333333333334,True
INV000304,7,2024-02-01,2025-03-27,60.0,True
INV000305,4,2024-01-27,2024-07-10,41.25,True
INV000306,3,2024-12-01,2025-05-02,50.666666666666664,True
INV000307,2,2024-05-04,2024-10-13,81.0,True
INV000308,5,2024-02-04,2025-05-17,93.6,True
INV000309,8,2024-01-08,2025-01-06,45.5,True
INV000310,7,2024-02-25,2025-05-25,65.0,True
INV000311,3,2024-01-25,2024-11-24,101.33333333333333,True
INV000312,5,2024-02-02,2025-05-26,95.8,True
INV000313,2,2024-07-17,2025-05-23,155.0,True
INV000314,4,2024-03-01,2024-09-24,51.75,True
INV000315,4,2024-02-25,2024-10-09,56.75,True
INV000316,5,2024-03-06,2025-02-16,69.4,True
INV000317,4,2024-03-10,2025-05-23,109.75,True
INV000318,6,2024-01-29,2025-05-30,81.16666666666667,True
INV000319,7,2024-02-17,2025-05-03,63.0,True
INV000320,5,2024-03-10,2024-12-15,56.0,True
INV000321,7,2024-01-03,2025-03-15,62.42857142857143,True
INV000322,3,2024-01-15,2024-09-13,80.66666666666667,True
INV000323,3,2024-12-21,2025-05-04,44.666666666666664,True
INV000325,2,2024-06-17,2025-01-30,113.5,True
INV000326,3,2024-05-29,2025-04-03,103.0,True
INV000327,2,2024-01-13,2024-03-03,25.0,False
INV000328,9,2024-03-09,2025-01-03,33.333333333333336,False
INV000329,4,2024-01-31,2024-10-23,66.5,True
INV000330,4,2024-01-04,2025-02-18,102.75,True
INV000331,8,2024-01-23,2025-01-12,44.375,True
INV000332,4,2024-09-25,2024-12-16,20.5,False
INV000333,4,2024-02-14,2025-05-10,112.75,True
INV000334,7,2024-07-06,2024-12-06,21.857142857142858,False
INV000335,6,2024-01-25,2025-05-19,80.0,True
INV000336,2,2024-12-14,2025-05-13,75.0,True
INV000337,5,2024-03-15,2025-05-03,82.8,True
INV000338,1,2025-03-07,2025-03-07,0.0,False
INV000339,6,2024-02-15,2025-05-30,78.33333333333333,True
INV000340,5,2024-03-31,2024-08-06,25.6,False
INV000341,8,2024-02-18,2025-03-05,47.625,True
INV000342,1,2024-07-20,2024-07-20,0.0,False
INV000343,2,2024-06-21,2025-02-24,124.0,True
INV000344,5,2024-10-04,2025-02-03,24.4,False
INV000345,1,2025-02-12,2025-02-12,0.0,False
INV000346,1,2024-06-20,2024-06-20,0.0,False
INV000347,1,2024-10-13,2024-10-13,0.0,False
INV000348,2,2024-02-17,2024-11-27,142.0,True
INV000349,4,2024-02-05,2024-12-20,79.75,True
INV000350,2,2024-04-12,2024-07-06,42.5,True
INV000351,5,2024-06-06,2025-05-18,69.2,True
INV000352,5,2024-03-02,2025-01-19,64.6,True
INV000353,1,2024-05-19,2024-05-19,0.0,False
INV000354,3,2024-01-29,2025-05-12,156.33333333333334,True
INV000355,1,2025-05-23,2025-05-23,0.0,False
INV000356,6,2024-06-13,2025-03-12,45.333333333333336,True
INV000357,3,2024-09-05,2025-02-23,57.0,True
INV000358,1,2025-02-26,2025-02-26,0.0,False
INV000359,9,2024-02-19,2025-04-27,48.111111111111114,True
INV000360,5,2024-01-11,2025-05-13,97.6,True
INV000361,3,2024-03-10,2024-09-22,65.33333333333333,True
INV000363,7,2024-02-12,2025-05-19,66.0,True
INV000364,3,2024-07-15,2025-01-20,63.0,True
INV000366,4,2024-06-23,2025-02-24,61.5,True
INV000367,4,2024-01-09,2024-06-26,42.25,True
INV000368,1,2025-05-24,2025-05-24,0.0,False
INV000369,6,2024-03-06,2024-10-11,36.5,True
INV000370,5,2024-01-02,2025-04-13,93.4,True
INV000371,8,2024-01-18,2025-03-08,51.875,True
INV000372,7,2024-03-03,2025-01-24,46.714285714285715,True
INV000373,2,2024-07-13,2024-08-30,24.0,False
INV000374,4,2024-01-20,2025-02-06,95.75,True
INV000376,1,2024-10-22,2024-10-22,0.0,False
INV000377,5,2024-02-23,2024-12-20,60.2,True
INV000378,3,2024-02-01,2024-09-23,78.33333333333333,True
INV000379,3,2024-10-26,2025-01-22,29.333333333333332,False
INV000380,6,2024-01-18,2025-05-17,80.83333333333333,True
INV000381,1,2024-11-02,2024-11-02,0.0,False
INV000382,1,2024-04-26,2024-04-26,0.0,False
INV000383,5,2024-02-13,2025-04-17,85.8,True
INV000384,5,2024-04-28,2025-03-07,62.6,True
INV000385,4,2024-04-14,2025-01-17,69.5,True
INV000386,1,2024-01-04,2024-01-04,0.0,False
INV000387,3,2024-01-22,2024-08-15,68.66666666666667,True
INV000388,9,2024-02-27,2025-05-01,47.666666666666664,True
INV000389,3,2024-02-01,2024-10-13,85.0,True
INV000390,3,2024-04-06,2025-01-02,90.33333333333333,True
INV000391,1,2025-03-16,2025-03-16,0.0,False
INV000392,7,2024-02-10,2025-05-18,66.14285714285714,True
INV000393,2,2024-08-28,2024-10-10,21.5,False
INV000394,5,2024-01-25,2025-01-19,72.0,True
INV000395,7,2024-04-13,2025-03-13,47.714285714285715,True
INV000396,6,2024-01-24,2025-03-15,69.33333333333333,True
INV000397,4,2024-04-12,2025-05-01,96.0,True
INV000399,10,2024-01-08,2025-03-29,44.6,True
INV000400,6,2024-05-01,2025-03-10,52.166666666666664,True
INV000401,4,2025-03-21,2025-05-24,16.0,False
INV000402,4,2024-08-21,2025-05-30,70.5,True
INV000403,6,2024-05-30,2025-03-17,48.5,True
INV000404,1,2025-02-17,2025-02-17,0.0,False
INV000405,2,2024-01-15,2024-03-20,32.5,False
INV000406,1,2024-08-17,2024-08-17,0.0,False
INV000407,6,2024-02-03,2025-03-21,68.66666666666667,True
INV000408,6,2024-04-15,2024-12-05,39.0,True
INV000409,2,2024-01-28,2025-02-06,187.5,True
INV000410,5,2024-03-05,2025-03-09,73.8,True
INV000411,4,2024-02-12,2024-08-31,50.25,True
INV000412,8,2024-07-06,2025-05-08,38.25,True
INV000413,5,2024-01-20,2025-03-05,82.0,True
INV000414,8,2024-01-12,2025-04-20,58.0,True
INV000415,7,2024-03-30,2025-05-01,56.714285714285715,True
INV000416,2,2024-09-10,2025-01-07,59.5,True
INV000417,4,2024-06-22,2025-05-01,78.25,True
INV000418,6,2024-01-16,2025-03-25,72.33333333333333,True
INV000419,3,2024-09-15,2025-04-27,74.66666666666667,True
INV000420,1,2024-02-02,2024-02-02,0.0,False
INV000421,4,2024-04-25,2025-01-25,68.75,True
INV000422,1,2024-01-20,2024-01-20,0.0,False
INV000423,3,2024-03-01,2025-03-11,125.0,True
INV000424,1,2025-01-13,2025-01-13,0.0,False
INV000425,3,2025-02-21,2025-05-11,26.333333333333332,False
INV000426,2,2024-09-14,2024-10-23,19.5,False
INV000427,7,2024-02-04,2025-03-21,58.714285714285715,True
INV000428,8,2024-01-01,2024-12-31,45.625,True
INV000429,6,2024-01-22,2025-02-11,64.33333333333333,True
INV000430,4,2024-02-18,2025-05-09,111.5,True
INV000431,5,2024-01-03,2024-12-13,69.0,True
INV000432,3,2024-02-12,2025-04-19,144.0,True
INV000433,5,2024-05-03,2025-01-24,53.2,True
INV000434,1,2024-03-05,2024-03-05,0.0,False
INV000435,1,2025-03-09,2025-03-09,0.0,False
INV000436,5,2024-08-02,2025-05-21,58.4,True
INV000437,6,2024-01-01,2025-05-04,81.5,True
INV000438,2,2024-06-01,2024-12-02,92.0,True
INV000439,5,2024-12-09,2025-03-16,19.4,False
INV000440,8,2024-01-17,2025-05-18,60.875,True
INV000441,6,2024-06-28,2025-04-28,50.666666666666664,True
INV000442,3,2024-02-16,2025-04-26,145.0,True
INV000443,2,2024-01-14,2025-01-21,186.5,True
INV000444,6,2024-04-26,2025-04-27,61.0,True
INV000445,9,2024-01-24,2025-04-30,51.333333333333336,True
INV000446,6,2024-02-13,2024-08-24,32.166666666666664,False
INV000449,6,2024-06-13,2025-02-02,39.0,True
INV000450,1,2024-03-06,2024-03-06,0.0,False
INV000452,9,2024-03-09,2025-04-08,43.888888888888886,True
INV000453,4,2024-07-02,2025-04-22,73.5,True
INV000454,3,2024-01-03,2025-04-12,155.0,True
INV000455,2,2024-12-09,2025-02-22,37.5,True
INV000456,5,2024-04-13,2024-10-11,36.2,True
INV000457,6,2024-02-25,2025-05-27,76.16666666666667,True
INV000458,5,2024-05-05,2025-03-28,65.4,True
INV000459,4,2024-04-22,2024-12-24,61.5,True
INV000460,6,2024-03-02,2024-10-05,36.166666666666664,True
INV000461,3,2024-01-05,2024-05-19,45.0,True
INV000462,2,2024-04-23,2024-07-11,39.5,True
INV000463,7,2024-01-09,2025-02-03,55.857142857142854,True
INV000465,4,2024-04-23,2025-02-25,77.0,True
INV000466,7,2024-01-26,2025-04-10,62.857142857142854,True
INV000467,10,2024-01-01,2025-05-25,51.0,True
INV000468,1,2024-02-02,2024-02-02,0.0,False
INV000469,7,2024-03-30,2025-05-27,60.42857142857143,True
INV000470,2,2024-02-29,2025-04-05,200.5,True
INV000471,3,2024-04-16,2024-12-14,80.66666666666667,True
INV000472,1,2024-03-02,2024-03-02,0.0,False
INV000473,4,2024-03-15,2025-01-24,78.75,True
INV000474,5,2024-01-23,2025-03-12,82.8,True
INV000475,2,2024-01-23,2024-04-22,45.0,True
INV000476,3,2024-01-05,2024-01-25,6.666666666666667,False
INV000477,1,2025-03-31,2025-03-31,0.0,False
INV000478,2,2024-01-01,2024-03-02,30.5,False
INV000479,2,2024-08-06,2024-11-13,49.5,True
INV000480,5,2024-02-08,2025-04-03,84.0,True
INV000481,4,2024-02-14,2025-05-28,117.25,True
INV000482,3,2024-03-31,2024-12-23,89.0,True
INV000483,8,2024-01-18,2025-05-25,61.625,True
INV000484,1,2024-02-28,2024-02-28,0.0,False
INV000485,4,2024-02-08,2025-03-30,104.0,True
INV000487,5,2024-01-12,2024-12-30,70.6,True
INV000488,4,2024-03-12,2025-01-13,76.75,True
INV000489,4,2024-10-03,2025-04-19,49.5,True
INV000490,2,2024-01-14,2024-09-01,115.5,True
INV000491,6,2024-02-02,2025-05-22,79.16666666666667,True
INV000492,4,2024-02-09,2025-04-20,109.0,True
INV000493,10,2024-03-01,2025-05-03,42.8,True
INV000494,4,2024-05-28,2025-01-05,55.5,True
INV000495,5,2024-03-23,2024-06-30,19.8,False
INV000496,5,2024-04-10,2025-03-01,65.0,True
INV000497,7,2024-03-23,2025-05-28,61.57142857142857,True
INV000498,1,2024-04-23,2024-04-23,0.0,False
INV000499,7,2024-01-28,2025-05-09,66.71428571428571,True
INV000500,3,2024-02-24,2024-11-16,88.66666666666667,True
INV000501,3,2024-02-16,2024-09-04,67.0,True
INV000502,1,2024-12-15,2024-12-15,0.0,False
INV000503,1,2024-07-07,2024-07-07,0.0,False
INV000504,1,2024-09-14,2024-09-14,0.0,False
INV000505,4,2024-03-06,2024-12-11,70.0,True
INV000506,3,2024-06-21,2024-11-11,47.666666666666664,True
INV000507,7,2024-02-27,2025-04-23,60.142857142857146,True
INV000509,3,2024-09-17,2025-01-17,40.666666666666664,True
INV000510,2,2024-01-17,2024-07-25,95.0,True
INV000511,4,2024-01-21,2025-02-22,99.5,True
INV000512,9,2024-02-18,2025-05-01,48.666666666666664,True
INV000513,2,2025-02-01,2025-05-15,51.5,True
INV000514,4,2024-06-02,2025-03-31,75.5,True
INV000516,1,2025-02-22,2025-02-22,0.0,False
INV000517,3,2024-01-17,2024-02-26,13.333333333333334,False
INV000518,1,2024-11-05,2024-11-05,0.0,False
INV000519,3,2024-07-19,2025-02-20,72.0,True
INV000520,3,2024-02-23,2024-07-01,43.0,True
INV000521,3,2024-07-07,2024-11-24,46.666666666666664,True
INV000522,6,2024-01-12,2025-05-30,84.0,True
INV000523,5,2024-05-04,2025-05-08,73.8,True
INV000524,7,2024-06-19,2025-05-15,47.142857142857146,True
INV000525,5,2024-06-25,2025-03-27,55.0,True
INV000526,3,2024-12-20,2025-03-25,31.666666666666668,False
INV000527,6,2024-09-07,2025-05-19,42.333333333333336,True
INV000528,1,2025-04-22,2025-04-22,0.0,False
INV000529,6,2024-06-08,2025-03-31,49.333333333333336,True
INV000530,3,2024-02-04,2024-08-30,69.33333333333333,True
INV000531,7,2024-07-19,2025-04-27,40.285714285714285,True
INV000532,5,2024-05-27,2025-03-15,58.4,True
INV000533,4,2024-02-20,2025-05-09,111.0,True
INV000534,1,2024-01-12,2024-01-12,0.0,False
INV000535,4,2024-01-05,2025-04-11,115.5,True
INV000536,2,2024-02-28,2024-03-24,12.5,False
INV000537,2,2024-09-22,2025-04-10,100.0,True
INV000538,3,2024-12-15,2025-03-04,26.333333333333332,False
INV000539,7,2024-01-26,2025-05-02,66.0,True
INV000540,7,2024-02-19,2025-05-05,63.0,True
INV000541,2,2024-03-19,2024-05-14,28.0,False
INV000542,4,2024-01-07,2025-05-14,123.25,True
INV000543,7,2024-01-11,2025-05-27,71.71428571428571,True
INV000544,4,2024-01-20,2024-11-13,74.5,True
INV000545,6,2024-03-27,2025-05-04,67.16666666666667,True
INV000546,9,2024-01-14,2025-03-29,48.888888888888886,True
INV000547,6,2024-03-15,2024-12-19,46.5,True
INV000548,4,2024-01-01,2025-02-05,100.25,True
INV000549,6,2024-01-19,2025-05-14,80.16666666666667,True
INV000550,4,2024-02-03,2025-04-25,111.75,True
INV000551,3,2024-04-15,2025-03-01,106.66666666666667,True
INV000552,5,2024-02-14,2025-05-23,92.8,True
INV000553,6,2024-04-22,2025-04-17,60.0,True
INV000554,6,2024-02-18,2025-02-03,58.5,True
INV000555,2,2025-02-06,2025-04-05,29.0,False
INV000556,8,2024-03-07,2025-03-09,45.875,True
INV000557,5,2024-01-28,2025-03-13,82.0,True
INV000558,4,2024-08-22,2025-04-03,56.0,True
INV000559,3,2025-01-05,2025-04-15,33.333333333333336,False
INV000560,3,2024-03-14,2024-07-16,41.333333333333336,True
INV000561,1,2024-08-16,2024-08-16,0.0,False
INV000562,6,2024-03-08,2025-03-15,62.0,True
INV000563,7,2024-02-13,2025-05-16,65.42857142857143,True
INV000564,2,2024-10-24,2025-04-04,81.0,True
INV000565,2,2024-02-03,2024-08-02,90.5,True
INV000566,7,2024-08-24,2025-03-22,30.0,False
INV000567,6,2024-05-14,2025-03-29,53.166666666666664,True
INV000568,6,2024-03-13,2025-01-19,52.0,True
INV000569,5,2024-07-16,2025-05-23,62.2,True
INV000570,8,2024-02-12,2025-05-28,58.875,True
INV000571,1,2024-08-30,2024-08-30,0.0,False
INV000572,3,2024-03-04,2025-05-26,149.33333333333334,True
INV000573,7,2024-01-27,2024-11-27,43.57142857142857,True
INV000574,2,2024-09-28,2024-10-04,3.0,False
INV000575,6,2024-03-17,2025-03-10,59.666666666666664,True
INV000576,5,2024-04-15,2025-02-13,60.8,True
INV000577,5,2024-08-04,2024-12-11,25.8,False
INV000578,7,2024-04-21,2025-05-27,57.285714285714285,True
INV000579,1,2025-05-30,2025-05-30,0.0,False
INV000580,5,2024-03-11,2024-10-20,44.6,True
INV000581,7,2024-01-30,2025-05-14,67.14285714285714,True
INV000583,3,2024-12-21,2025-02-24,21.666666666666668,False
INV000584,5,2024-01-30,2025-04-21,89.4,True
INV000585,5,2024-02-24,2024-12-16,59.2,True
INV000586,7,2024-01-23,2024-10-16,38.142857142857146,True
INV000587,5,2024-09-01,2025-03-18,39.6,True
INV000588,1,2025-04-15,2025-04-15,0.0,False
INV000589,9,2024-02-01,2025-05-19,52.55555555555556,True
INV000590,3,2024-09-29,2025-05-15,76.0,True
INV000591,7,2024-04-15,2025-05-07,55.285714285714285,True
INV000592,4,2024-02-26,2025-01-20,82.25,True
INV000593,6,2024-03-27,2025-04-02,61.833333333333336,True
INV000594,1,2024-09-02,2024-09-02,0.0,False
INV000595,5,2024-03-07,2025-04-28,83.4,True
INV000596,9,2024-02-01,2025-03-21,46.0,True
INV000597,6,2024-02-03,2025-04-21,73.83333333333333,True
INV000598,4,2024-02-06,2025-02-13,93.25,True
INV000599,7,2024-01-13,2025-05-16,69.85714285714286,True
INV000600,4,2024-01-01,2025-03-20,111.0,True
INV000601,5,2024-02-04,2024-11-24,58.8,True
INV000602,5,2024-02-11,2025-03-29,82.4,True
INV000603,4,2024-01-01,2025-02-02,99.5,True
INV000604,4,2024-02-01,2025-02-18,95.75,True
INV000605,1,2024-05-31,2024-05-31,0.0,False
INV000606,4,2024-02-23,2024-12-15,74.0,True
INV000607,7,2024-01-14,2025-02-17,57.142857142857146,True
INV000608,6,2024-01-09,2025-05-24,83.5,True
INV000609,6,2024-01-01,2024-08-23,39.166666666666664,True
INV000611,5,2024-05-11,2025-04-22,69.2,True
INV000612,11,2024-01-16,2025-05-23,44.81818181818182,True
INV000613,2,2024-08-22,2025-04-15,118.0,True
INV000614,2,2024-09-24,2024-09-27,1.5,False
INV000615,7,2024-03-15,2025-02-13,47.857142857142854,True
INV000616,5,2024-01-01,2025-05-07,98.4,True
INV000617,1,2025-03-25,2025-03-25,0.0,False
INV000618,2,2025-02-27,2025-03-06,3.5,False
INV000619,5,2024-11-23,2025-05-22,36.0,True
INV000620,1,2024-07-10,2024-07-10,0.0,False
INV000621,2,2024-02-15,2025-01-30,175.0,True
INV000622,5,2024-01-23,2025-01-15,71.6,True
INV000623,4,2024-04-14,2025-04-17,92.0,True
INV000624,7,2024-01-31,2024-08-08,27.142857142857142,False
INV000625,6,2024-03-22,2025-05-28,72.0,True
INV000626,3,2024-09-28,2025-05-19,77.66666666666667,True
INV000627,1,2024-08-14,2024-08-14,0.0,False
INV000628,2,2024-02-27,2024-12-27,152.0,True
INV000629,4,2024-02-22,2025-01-27,85.0,True
INV000630,7,2024-01-31,2025-03-18,58.857142857142854,True
INV000631,6,2024-03-06,2024-12-01,45.0,True
INV000632,1,2024-11-29,2024-11-29,0.0,False
INV000633,5,2024-01-23,2025-03-29,86.2,True
INV000634,9,2024-01-22,2025-03-15,46.44444444444444,True
INV000635,6,2024-03-13,2025-03-23,62.5,True
INV000636,3,2024-08-14,2024-12-04,37.333333333333336,True
INV000637,3,2024-05-02,2024-07-17,25.333333333333332,False
INV000638,4,2024-01-13,2025-05-24,124.25,True
INV000639,3,2024-12-09,2025-05-26,56.0,True
INV000640,1,2024-05-03,2024-05-03,0.0,False
INV000641,6,2024-08-03,2025-05-04,45.666666666666664,True
INV000642,9,2024-03-19,2025-05-21,47.55555555555556,True
INV000643,4,2024-03-10,2025-01-13,77.25,True
INV000644,4,2024-02-21,2024-03-26,8.5,False
INV000645,6,2024-02-12,2025-01-07,55.0,True
INV000646,7,2024-05-17,2025-05-26,53.42857142857143,True
INV000647,1,2024-07-31,2024-07-31,0.0,False
INV000648,4,2024-02-10,2024-08-24,49.0,True
INV000649,5,2024-01-11,2025-01-14,73.8,True
INV000650,3,2024-03-05,2025-05-13,144.66666666666666,True
INV000651,6,2024-01-20,2025-05-04,78.33333333333333,True
INV000652,6,2024-02-09,2025-05-23,78.16666666666667,True
INV000653,2,2024-02-01,2024-07-14,82.0,True
INV000654,1,2025-01-02,2025-01-02,0.0,False
INV000656,3,2024-04-13,2025-01-20,94.0,True
INV000657,8,2024-01-28,2025-04-25,56.625,True
INV000658,5,2024-05-10,2025-05-24,75.8,True
INV000659,4,2024-01-09,2025-05-23,125.0,True
INV000660,5,2024-08-15,2025-03-13,42.0,True
INV000661,5,2024-03-22,2025-05-19,84.6,True
INV000662,8,2024-01-02,2025-04-09,57.875,True
INV000663,6,2024-01-04,2025-04-20,78.66666666666667,True
INV000664,4,2024-05-07,2025-02-06,68.75,True
INV000665,10,2024-05-22,2025-04-13,32.6,False
INV000666,5,2024-03-22,2025-01-25,61.8,True
INV000667,6,2024-05-21,2025-04-26,56.666666666666664,True
INV000668,3,2024-01-06,2025-05-28,169.33333333333334,True
INV000669,1,2024-02-26,2024-02-26,0.0,False
INV000670,3,2024-07-23,2025-02-06,66.0,True
INV000671,4,2024-02-12,2025-02-21,93.75,True
INV000672,2,2024-11-17,2024-12-20,16.5,False
INV000673,6,2024-01-13,2025-04-21,77.33333333333333,True
INV000674,1,2024-05-10,2024-05-10,0.0,False
INV000675,6,2024-06-09,2025-04-19,52.333333333333336,True
INV000676,11,2024-05-10,2025-04-28,32.09090909090909,False
INV000677,1,2024-01-27,2024-01-27,0.0,False
INV000678,7,2024-04-12,2025-04-27,54.285714285714285,True
INV000679,3,2024-07-14,2024-11-27,45.333333333333336,True
INV000680,2,2024-09-03,2025-02-08,79.0,True
INV000681,3,2024-03-22,2024-12-22,91.66666666666667,True
INV000682,2,2024-04-28,2025-05-07,187.0,True
INV000683,9,2024-01-08,2025-03-19,48.44444444444444,True
INV000684,3,2024-02-20,2025-03-29,134.33333333333334,True
INV000685,1,2024-02-12,2024-02-12,0.0,False
INV000686,1,2024-07-18,2024-07-18,0.0,False
INV000687,3,2024-05-03,2025-04-22,118.0,True
INV000688,2,2025-01-04,2025-03-26,40.5,True
INV000689,5,2024-05-16,2025-03-09,59.4,True
INV000690,8,2024-04-23,2025-05-22,49.25,True
INV000691,6,2024-01-27,2024-12-24,55.333333333333336,True
INV000692,1,2025-04-18,2025-04-18,0.0,False
INV000693,2,2024-04-12,2025-04-25,189.0,True
INV000695,5,2024-03-01,2025-02-10,69.2,True
INV000696,4,2024-07-12,2025-05-22,78.5,True
INV000698,9,2024-02-20,2025-04-13,46.44444444444444,True
INV000699,6,2024-03-27,2024-10-27,35.666666666666664,True
INV000700,3,2024-08-21,2024-12-20,40.333333333333336,True
INV000701,7,2024-01-13,2025-05-29,71.71428571428571,True
INV000702,2,2024-05-11,2025-02-22,143.5,True
INV000703,3,2024-01-11,2024-12-22,115.33333333333333,True
INV000704,5,2024-01-19,2025-02-27,81.0,True
INV000705,2,2024-09-12,2025-05-17,123.5,True
INV000706,5,2024-03-19,2025-03-28,74.8,True
INV000707,9,2024-08-07,2025-05-09,30.555555555555557,False
INV000708,4,2024-02-26,2025-03-27,98.75,True
INV000709,7,2024-02-07,2025-03-04,55.857142857142854,True
INV000710,6,2024-02-27,2025-05-15,73.83333333333333,True
INV000711,4,2024-02-07,2025-03-05,98.0,True
INV000713,3,2024-06-19,2025-02-03,76.33333333333333,True
INV000714,9,2024-06-07,2025-03-30,32.888888888888886,False
INV000715,5,2024-06-28,2025-02-18,47.0,True
INV000716,1,2024-12-05,2024-12-05,0.0,False
INV000717,4,2024-02-07,2025-05-18,116.5,True
INV000718,7,2024-01-16,2024-12-28,49.57142857142857,True
INV000719,7,2024-02-29,2025-05-11,62.42857142857143,True
INV000720,5,2024-01-19,2025-05-28,99.0,True
INV000721,4,2024-12-10,2025-05-15,39.0,True
INV000722,3,2024-03-12,2024-10-26,76.0,True
INV000723,5,2024-01-23,2025-03-31,86.6,True
INV000724,6,2024-04-11,2025-05-22,67.66666666666667,True
INV000725,7,2024-03-14,2025-04-24,58.0,True
INV000726,2,2024-02-02,2024-07-02,75.5,True
INV000727,3,2024-12-22,2025-01-17,8.666666666666666,False
INV000728,5,2024-09-14,2025-02-12,30.2,False
INV000729,4,2024-01-15,2025-03-29,109.75,True
INV000730,1,2025-03-18,2025-03-18,0.0,False
INV000731,2,2024-09-07,2024-09-26,9.5,False
INV000732,4,2024-07-19,2025-03-22,61.5,True
INV000733,2,2024-01-19,2025-01-08,177.5,True
INV000734,8,2024-02-22,2025-05-15,56.0,True
INV000735,4,2024-02-25,2025-04-30,107.5,True
INV000736,5,2024-02-13,2025-03-18,79.8,True
INV000737,6,2024-01-31,2025-05-08,77.16666666666667,True
INV000738,4,2024-08-30,2025-02-07,40.25,True
INV000739,4,2024-03-03,2024-09-25,51.5,True
INV000740,1,2024-05-18,2024-05-18,0.0,False
INV000741,5,2024-05-31,2025-05-25,71.8,True
INV000742,4,2024-08-05,2025-05-06,68.5,True
INV000743,3,2024-06-17,2025-04-29,105.33333333333333,True
INV000744,4,2024-08-25,2025-04-11,57.25,True
INV000745,4,2024-03-09,2025-05-15,108.0,True
INV000746,2,2024-08-31,2025-03-28,104.5,True
INV000747,6,2024-01-25,2025-03-23,70.5,True
INV000748,2,2024-07-02,2024-12-24,87.5,True
INV000749,5,2024-02-08,2025-04-28,89.0,True
INV000750,9,2024-08-03,2025-03-03,23.555555555555557,False
INV000751,9,2024-03-29,2025-05-27,47.111111111111114,True
INV000752,3,2024-03-04,2025-04-02,131.33333333333334,True
INV000753,3,2024-08-14,2025-05-10,89.66666666666667,True
INV000754,7,2024-03-02,2025-05-10,62.0,True
INV000755,3,2024-06-16,2025-02-11,80.0,True
INV000756,4,2024-06-26,2025-02-15,58.5,True
INV000757,3,2024-01-14,2025-03-06,139.0,True
INV000758,5,2024-01-23,2025-04-21,90.8,True
INV000759,7,2024-01-08,2025-05-20,71.14285714285714,True
INV000760,2,2024-06-25,2024-11-20,74.0,True
INV000761,7,2024-02-26,2025-05-22,64.42857142857143,True
INV000762,2,2025-01-06,2025-05-04,59.0,True
INV000763,1,2024-06-05,2024-06-05,0.0,False
INV000764,5,2024-02-06,2025-03-15,80.6,True
INV000765,4,2024-01-31,2024-11-24,74.5,True
INV000766,3,2024-01-07,2024-12-27,118.33333333333333,True
INV000767,3,2024-09-09,2025-05-14,82.33333333333333,True
INV000768,8,2024-01-17,2025-03-12,52.5,True
INV000769,5,2024-03-22,2025-02-28,68.6,True
INV000770,1,2024-03-14,2024-03-14,0.0,False
INV000771,4,2024-02-10,2025-02-09,91.25,True
INV000772,6,2024-06-15,2025-01-31,38.333333333333336,True
INV000774,7,2024-02-16,2025-05-03,63.142857142857146,True
INV000775,4,2024-09-21,2025-04-29,55.0,True
INV000776,8,2024-03-07,2025-04-27,52.0,True
INV000777,6,2024-03-05,2025-01-29,55.0,True
INV000778,8,2024-03-22,2025-05-14,52.25,True
INV000779,6,2024-03-21,2025-03-31,62.5,True
INV000780,1,2024-11-16,2024-11-16,0.0,False
INV000781,4,2024-02-01,2024-10-07,62.25,True
INV000782,5,2024-11-29,2025-05-18,34.0,False
INV000783,6,2024-02-14,2025-05-08,74.83333333333333,True
INV000784,2,2024-02-09,2025-04-19,217.5,True
INV000785,6,2024-10-10,2025-03-22,27.166666666666668,False
INV000786,9,2024-01-01,2025-05-28,57.0,True
INV000787,1,2024-10-08,2024-10-08,0.0,False
INV000788,4,2024-05-06,2025-03-17,78.75,True
INV000789,8,2024-02-29,2025-03-21,48.25,True
INV000790,1,2025-02-27,2025-02-27,0.0,False
INV000791,4,2024-01-05,2024-11-21,80.25,True
INV000792,2,2024-08-04,2025-05-02,135.5,True
INV000793,8,2024-01-14,2025-05-12,60.5,True
INV000794,1,2024-08-11,2024-08-11,0.0,False
INV000795,1,2025-05-28,2025-05-28,0.0,False
INV000796,3,2024-02-07,2024-11-26,97.66666666666667,True
INV000797,4,2024-01-01,2025-04-13,117.0,True
INV000798,1,2025-02-27,2025-02-27,0.0,False
INV000799,5,2024-01-21,2025-05-20,97.0,True
INV000800,4,2024-03-17,2025-05-25,108.5,True
INV000801,3,2024-09-24,2025-04-26,71.33333333333333,True
INV000802,1,2024-09-01,2024-09-01,0.0,False
INV000803,7,2024-01-04,2025-04-11,66.14285714285714,True
INV000804,3,2024-02-14,2024-12-31,107.0,True
INV000806,4,2024-05-24,2025-01-28,62.25,True
INV000808,3,2024-01-13,2025-03-04,138.66666666666666,True
INV000809,4,2024-03-01,2025-02-26,90.5,True
INV000810,5,2024-05-01,2025-04-08,68.4,True
INV000811,2,2024-01-22,2024-11-08,145.5,True
INV000813,4,2024-01-11,2025-01-09,91.0,True
INV000814,6,2024-01-15,2025-04-29,78.33333333333333,True
INV000815,2,2024-08-16,2025-05-09,133.0,True
INV000816,3,2024-05-19,2025-03-14,99.66666666666667,True
INV000818,2,2024-03-18,2025-05-14,211.0,True
INV000819,3,2024-07-29,2025-01-20,58.333333333333336,True
INV000820,2,2024-01-13,2024-08-07,103.5,True
INV000821,2,2024-05-04,2024-06-26,26.5,False
INV000822,7,2024-02-02,2024-12-31,47.57142857142857,True
INV000823,7,2024-02-21,2024-10-16,34.0,False
INV000824,3,2024-01-19,2025-03-16,140.66666666666666,True
INV000825,3,2024-02-03,2024-10-14,84.66666666666667,True
INV000826,3,2024-02-22,2025-04-25,142.66666666666666,True
INV000827,8,2024-04-05,2025-05-18,51.0,True
INV000828,1,2024-03-03,2024-03-03,0.0,False
INV000829,5,2024-01-16,2025-05-01,94.2,True
INV000830,6,2024-04-21,2025-04-17,60.166666666666664,True
INV000831,5,2024-08-11,2025-05-08,54.0,True
INV000832,2,2024-01-20,2024-09-27,125.5,True
INV000833,8,2024-01-08,2025-04-23,58.875,True
INV000834,3,2024-03-17,2024-12-02,86.66666666666667,True
INV000835,1,2024-09-12,2024-09-12,0.0,False
INV000836,6,2024-01-01,2025-02-28,70.66666666666667,True
INV000837,1,2025-03-01,2025-03-01,0.0,False
INV000838,2,2024-07-13,2025-01-05,88.0,True
INV000839,1,2024-04-21,2024-04-21,0.0,False
INV000840,3,2024-04-14,2025-05-01,127.33333333333333,True
INV000841,3,2024-04-03,2025-03-21,117.33333333333333,True
INV000842,1,2024-02-07,2024-02-07,0.0,False
INV000843,6,2024-05-01,2025-02-03,46.333333333333336,True
INV000844,7,2024-02-09,2025-03-12,56.714285714285715,True
INV000845,3,2024-08-08,2025-03-07,70.33333333333333,True
INV000846,3,2024-02-02,2025-01-29,120.66666666666667,True
INV000847,6,2024-05-28,2025-01-22,39.833333333333336,True
INV000848,1,2024-11-05,2024-11-05,0.0,False
INV000849,4,2024-10-17,2025-04-19,46.0,True
INV000850,3,2024-10-05,2024-12-27,27.666666666666668,False
INV000851,5,2024-02-05,2025-01-05,67.0,True
INV000852,3,2024-01-01,2025-03-06,143.33333333333334,True
INV000853,10,2024-01-22,2025-04-10,44.4,True
INV000854,9,2024-01-05,2025-05-09,54.44444444444444,True
INV000855,3,2024-01-07,2025-04-09,152.66666666666666,True
INV000856,5,2024-07-09,2025-05-18,62.6,True
INV000857,4,2024-07-16,2024-09-11,14.25,False
INV000858,9,2024-04-27,2025-04-21,39.888888888888886,True
INV000859,2,2024-04-19,2025-01-08,132.0,True
INV000860,5,2024-01-27,2025-03-29,85.4,True
INV000861,5,2024-03-13,2025-05-14,85.4,True
INV000862,6,2024-02-13,2025-05-14,76.0,True
INV000863,1,2024-08-03,2024-08-03,0.0,False
INV000864,6,2024-01-16,2024-08-07,34.0,False
INV000865,9,2024-04-15,2025-04-16,40.666666666666664,True
INV000866,1,2024-12-05,2024-12-05,0.0,False
INV000867,2,2024-07-12,2025-03-03,117.0,True
INV000868,1,2024-05-23,2024-05-23,0.0,False
INV000869,6,2024-02-27,2025-01-19,54.5,True
INV000870,5,2024-04-28,2025-01-25,54.4,True
INV000871,1,2024-10-01,2024-10-01,0.0,False
INV000872,1,2025-02-15,2025-02-15,0.0,False
INV000873,7,2024-02-09,2025-04-25,63.0,True
INV000874,9,2024-01-04,2025-05-15,55.22222222222222,True
INV000875,1,2024-06-12,2024-06-12,0.0,False
INV000876,4,2024-08-20,2025-01-13,36.5,True
INV000877,6,2024-06-21,2025-04-14,49.5,True
INV000878,2,2024-07-24,2024-09-28,33.0,False
INV000879,3,2024-03-01,2024-08-18,56.666666666666664,True
INV000880,4,2024-01-31,2025-03-30,106.0,True
INV000881,10,2024-01-10,2025-02-28,41.5,True
INV000882,1,2024-02-06,2024-02-06,0.0,False
INV000883,2,2024-06-30,2025-03-14,128.5,True
INV000884,2,2024-04-10,2024-05-18,19.0,False
INV000885,5,2024-02-25,2025-05-05,87.0,True
INV000886,1,2024-09-11,2024-09-11,0.0,False
INV000887,7,2024-01-28,2025-02-25,56.285714285714285,True
INV000888,7,2024-01-27,2025-05-23,68.85714285714286,True
INV000889,2,2024-04-09,2024-12-28,131.5,True
INV000890,3,2024-10-02,2024-11-20,16.333333333333332,False
INV000891,4,2024-03-12,2025-03-27,95.0,True
INV000892,3,2024-02-14,2025-02-12,121.33333333333333,True
INV000893,7,2024-02-05,2025-01-27,51.0,True
INV000894,6,2024-07-26,2025-04-27,45.833333333333336,True
INV000895,3,2024-02-17,2025-04-01,136.33333333333334,True
INV000896,2,2024-08-28,2025-02-17,86.5,True
INV000897,3,2024-07-03,2025-03-09,83.0,True
INV000898,2,2024-12-15,2024-12-20,2.5,False
INV000899,1,2025-04-06,2025-04-06,0.0,False
INV000900,2,2024-03-31,2024-08-09,65.5,True
INV000901,6,2024-05-23,2025-02-17,45.0,True
INV000902,5,2024-02-18,2024-12-06,58.4,True
INV000904,3,2024-01-30,2025-02-27,131.33333333333334,True
INV000905,1,2025-01-13,2025-01-13,0.0,False
INV000906,3,2024-03-20,2025-01-01,95.66666666666667,True
INV000907,6,2024-04-08,2025-01-29,49.333333333333336,True
INV000908,4,2024-01-14,2024-05-05,28.0,False
INV000909,4,2024-04-08,2025-05-06,98.25,True
INV000910,5,2024-05-16,2025-05-04,70.6,True
INV000911,1,2025-04-05,2025-04-05,0.0,False
INV000912,4,2024-04-24,2025-04-09,87.5,True
INV000913,4,2024-02-20,2025-05-23,114.5,True
INV000914,5,2024-01-31,2025-04-03,85.6,True
INV000915,4,2024-01-25,2025-02-19,97.75,True
INV000916,1,2024-07-02,2024-07-02,0.0,False
INV000918,2,2025-02-25,2025-04-22,28.0,False
INV000919,3,2024-10-04,2025-05-12,73.33333333333333,True
INV000920,6,2024-01-31,2025-02-12,63.0,True
INV000921,2,2024-04-26,2025-02-10,145.0,True
INV000922,4,2024-04-25,2025-02-19,75.0,True
INV000923,1,2024-05-26,2024-05-26,0.0,False
INV000924,1,2024-02-06,2024-02-06,0.0,False
INV000925,3,2024-08-21,2025-03-24,71.66666666666667,True
INV000926,6,2024-01-05,2025-02-08,66.66666666666667,True
INV000927,5,2024-10-02,2025-02-26,29.4,False
INV000928,1,2024-04-13,2024-04-13,0.0,False
INV000929,7,2024-03-28,2025-03-12,49.857142857142854,True
INV000930,8,2024-07-19,2025-03-03,28.375,False
INV000931,5,2024-06-13,2025-05-24,69.0,True
INV000933,3,2024-03-19,2025-04-21,132.66666666666666,True
INV000934,2,2024-06-05,2024-08-03,29.5,False
INV000935,9,2024-02-12,2024-10-16,27.444444444444443,False
INV000936,1,2025-05-06,2025-05-06,0.0,False
INV000937,1,2024-03-12,2024-03-12,0.0,False
INV000938,2,2024-07-14,2024-12-14,76.5,True
INV000939,8,2024-02-23,2025-04-22,53.0,True
INV000940,1,2025-03-15,2025-03-15,0.0,False
INV000941,2,2024-02-23,2025-05-23,227.5,True
INV000942,7,2024-03-09,2025-01-21,45.42857142857143,True
INV000943,1,2024-02-15,2024-02-15,0.0,False
INV000944,3,2024-02-06,2025-01-01,110.0,True
INV000945,1,2024-10-09,2024-10-09,0.0,False
INV000946,3,2024-05-14,2025-01-27,86.0,True
INV000947,4,2024-03-11,2025-03-28,95.5,True
INV000948,2,2024-09-01,2024-09-18,8.5,False
INV000949,7,2024-04-03,2025-05-13,57.857142857142854,True
INV000950,6,2024-02-26,2025-05-26,75.83333333333333,True
INV000951,1,2024-08-23,2024-08-23,0.0,False
INV000953,3,2024-04-05,2025-01-13,94.33333333333333,True
INV000954,5,2024-01-03,2025-05-24,101.4,True
INV000955,3,2024-04-19,2025-04-27,124.33333333333333,True
INV000956,1,2025-05-01,2025-05-01,0.0,False
INV000957,4,2024-02-18,2025-01-27,86.0,True
INV000958,3,2024-02-10,2025-01-03,109.33333333333333,True
INV000959,5,2024-09-24,2025-04-04,38.4,True
INV000960,3,2024-01-06,2024-08-14,73.66666666666667,True
INV000961,4,2024-01-15,2025-04-14,113.75,True
INV000962,5,2024-02-12,2025-01-21,68.8,True
INV000963,3,2024-06-08,2025-03-11,92.0,True
INV000964,2,2024-07-17,2024-09-14,29.5,False
INV000965,1,2025-03-01,2025-03-01,0.0,False
INV000966,2,2024-08-04,2024-12-01,59.5,True
INV000967,2,2024-06-25,2024-08-11,23.5,False
INV000968,2,2024-03-16,2025-01-12,151.0,True
INV000969,4,2024-08-22,2025-05-14,66.25,True
INV000970,4,2024-10-13,2025-02-13,30.75,False
INV000971,7,2024-08-08,2025-05-16,40.142857142857146,True
INV000972,5,2024-04-16,2024-12-20,49.6,True
INV000974,7,2024-01-06,2025-03-22,63.0,True
INV000975,1,2025-02-27,2025-02-27,0.0,False
INV000977,10,2024-01-13,2025-03-27,43.9,True
INV000978,4,2024-02-04,2024-11-11,70.25,True
INV000979,6,2024-04-08,2025-05-12,66.5,True
INV000980,8,2024-04-26,2025-03-03,38.875,True
INV000981,6,2024-09-11,2025-05-21,42.0,True
INV000982,3,2024-12-25,2025-03-19,28.0,False
INV000983,4,2024-01-01,2024-10-10,70.75,True
INV000984,4,2024-04-24,2025-01-17,67.0,True
INV000985,3,2024-08-03,2025-05-29,99.66666666666667,True
INV000986,7,2024-02-28,2025-02-27,52.142857142857146,True
INV000987,2,2024-08-29,2025-01-08,66.0,True
INV000988,1,2024-10-20,2024-10-20,0.0,False
INV000989,3,2024-01-11,2025-05-23,166.0,True
INV000990,4,2024-02-12,2025-03-17,99.75,True
INV000991,1,2024-03-06,2024-03-06,0.0,False
INV000992,4,2024-01-16,2025-03-07,104.0,True
INV000993,1,2024-08-18,2024-08-18,0.0,False
INV000994,6,2024-02-20,2025-01-04,53.166666666666664,True
INV000995,4,2024-12-07,2025-01-30,13.5,False
INV000997,4,2024-07-20,2025-04-01,63.75,True
INV000998,4,2024-12-15,2025-05-22,39.5,True
INV000999,5,2024-02-08,2024-11-01,53.4,True
INV001001,8,2024-02-15,2025-04-12,52.75,True
INV001002,7,2024-04-01,2024-12-07,35.714285714285715,True
INV001003,2,2024-05-10,2024-09-25,69.0,True
INV001004,3,2024-04-17,2024-10-20,62.0,True
INV001005,6,2024-02-07,2025-05-20,78.0,True
INV001006,5,2024-01-07,2024-08-26,46.4,True
INV001007,1,2025-02-15,2025-02-15,0.0,False
INV001008,7,2024-02-16,2025-03-10,55.42857142857143,True
INV001009,3,2024-06-30,2025-02-25,80.0,True
INV001010,1,2024-11-21,2024-11-21,0.0,False
INV001011,3,2024-01-08,2025-05-05,161.0,True
INV001012,5,2024-07-07,2024-12-16,32.4,False
INV001013,6,2024-01-09,2025-05-07,80.66666666666667,True
INV001014,4,2024-02-12,2025-05-10,113.25,True
INV001015,2,2024-05-22,2024-08-15,42.5,True
INV001016,3,2024-04-18,2025-03-24,113.33333333333333,True
INV001017,6,2024-03-18,2025-02-16,55.833333333333336,True
INV001019,9,2024-02-19,2025-02-12,39.888888888888886,True
INV001020,2,2024-10-08,2024-12-01,27.0,False
INV001021,7,2024-01-08,2025-02-23,58.857142857142854,True
INV001023,8,2024-01-01,2025-05-22,63.375,True
INV001024,3,2024-04-24,2025-04-18,119.66666666666667,True
INV001025,6,2024-07-19,2025-01-29,32.333333333333336,False
INV001026,6,2024-02-04,2025-01-16,57.833333333333336,True
INV001027,5,2024-05-20,2025-03-25,61.8,True
INV001028,4,2024-09-03,2025-05-17,64.0,True
INV001029,5,2024-02-07,2024-11-11,55.6,True
INV001030,1,2024-02-21,2024-02-21,0.0,False
INV001031,5,2024-02-25,2025-05-26,91.2,True
INV001032,1,2024-10-12,2024-10-12,0.0,False
INV001033,1,2025-04-07,2025-04-07,0.0,False
INV001034,3,2024-03-04,2024-09-20,66.66666666666667,True
INV001035,1,2024-02-29,2024-02-29,0.0,False
INV001036,4,2024-01-07,2025-05-13,123.0,True
INV001037,10,2024-02-26,2025-03-10,37.8,True
INV001038,2,2024-11-08,2025-03-01,56.5,True
INV001039,6,2024-04-10,2025-03-07,55.166666666666664,True
INV001040,2,2024-11-23,2025-04-04,66.0,True
INV001041,7,2024-01-01,2025-05-13,71.14285714285714,True
INV001042,3,2024-06-05,2025-01-26,78.33333333333333,True
INV001043,5,2024-01-06,2025-05-17,99.4,True
INV001044,2,2024-07-19,2024-11-13,58.5,True
INV001045,5,2024-07-15,2025-04-20,55.8,True
INV001046,2,2024-12-06,2025-01-11,18.0,False
INV001047,7,2024-04-24,2025-05-26,56.714285714285715,True
INV001048,8,2024-03-19,2025-02-11,41.125,True
INV001049,4,2024-02-05,2025-03-19,102.0,True
INV001050,4,2024-04-20,2025-05-16,97.75,True
INV001051,8,2024-04-02,2025-04-16,47.375,True
INV001052,2,2024-02-04,2024-11-15,142.5,True
INV001053,8,2024-02-18,2025-03-15,48.875,True
INV001054,2,2024-05-19,2024-11-18,91.5,True
INV001055,6,2024-01-14,2025-04-24,77.66666666666667,True
INV001056,1,2025-05-17,2025-05-17,0.0,False
INV001057,2,2024-04-28,2024-12-12,114.0,True
INV001058,4,2024-10-04,2025-04-06,46.0,True
INV001059,3,2024-01-27,2025-03-16,138.0,True
INV001060,9,2024-01-19,2025-03-21,47.44444444444444,True
INV001061,9,2024-02-19,2025-04-03,45.44444444444444,True
INV001062,3,2024-04-23,2024-11-12,67.66666666666667,True
INV001063,8,2024-02-17,2024-12-16,37.875,True
INV001064,9,2024-01-09,2025-04-29,52.888888888888886,True
INV001065,4,2024-02-26,2025-02-08,87.0,True
INV001066,2,2024-04-28,2024-05-30,16.0,False
INV001067,3,2024-03-29,2025-04-08,125.0,True
INV001068,4,2024-07-25,2025-05-29,77.0,True
INV001069,8,2024-06-02,2025-03-18,36.125,True
INV001070,6,2024-01-05,2025-05-04,80.83333333333333,True
INV001071,2,2025-03-31,2025-04-23,11.5,False
INV001072,2,2025-01-12,2025-05-20,64.0,True
INV001073,3,2024-03-10,2024-03-24,4.666666666666667,False
INV001074,5,2024-07-16,2025-04-17,55.0,True
INV001075,5,2024-05-15,2025-03-17,61.2,True
INV001076,2,2024-07-04,2025-04-28,149.0,True
INV001077,3,2024-03-24,2024-11-04,75.0,True
INV001079,5,2024-02-23,2025-05-14,89.2,True
INV001080,4,2024-09-23,2025-01-12,27.75,False
INV001081,2,2024-01-30,2025-02-28,197.5,True
INV001082,4,2024-02-17,2025-01-23,85.25,True
INV001083,4,2024-10-08,2025-05-06,52.5,True
INV001084,1,2025-05-08,2025-05-08,0.0,False
INV001085,2,2024-02-18,2024-07-22,77.5,True
INV001086,2,2024-06-27,2024-10-17,56.0,True
INV001087,5,2024-02-04,2025-02-19,76.2,True
INV001088,4,2024-02-17,2024-09-21,54.25,True
INV001089,1,2024-12-21,2024-12-21,0.0,False
INV001090,1,2024-06-17,2024-06-17,0.0,False
INV001091,4,2024-07-08,2025-05-09,76.25,True
INV001092,7,2024-02-04,2025-05-13,66.28571428571429,True
INV001093,4,2024-11-25,2025-05-01,39.25,True
INV001094,2,2025-01-01,2025-05-26,72.5,True
INV001095,2,2024-06-20,2025-02-19,122.0,True
INV001096,5,2024-01-31,2024-10-30,54.6,True
INV001099,8,2024-07-28,2025-01-27,22.875,False
INV001100,1,2024-07-11,2024-07-11,0.0,False
INV001101,4,2024-01-31,2025-04-02,106.75,True
INV001102,7,2024-02-06,2025-01-03,47.42857142857143,True
INV001103,4,2024-05-26,2025-04-24,83.25,True
INV001104,1,2025-02-09,2025-02-09,0.0,False
INV001105,1,2025-02-19,2025-02-19,0.0,False
INV001106,3,2024-01-11,2025-04-30,158.33333333333334,True
INV001107,3,2024-07-13,2024-10-13,30.666666666666668,False
INV001108,3,2024-04-15,2025-01-28,96.0,True
INV001109,3,2024-01-08,2024-06-30,58.0,True
INV001110,2,2024-06-20,2024-11-14,73.5,True
INV001111,3,2024-10-14,2025-05-05,67.66666666666667,True
INV001112,5,2024-07-22,2025-02-07,40.0,True
INV001113,4,2024-09-23,2025-02-10,35.0,False
INV001114,2,2024-02-07,2025-03-19,203.0,True
INV001115,6,2024-03-07,2025-04-18,67.83333333333333,True
INV001116,9,2024-02-17,2025-05-27,51.666666666666664,True
INV001117,8,2024-02-23,2025-04-30,54.0,True
INV001118,4,2024-01-22,2025-01-29,93.25,True
INV001119,2,2024-06-07,2025-04-30,163.5,True
INV001120,2,2024-05-31,2024-08-11,36.0,True
INV001121,3,2024-06-03,2025-02-27,89.66666666666667,True
INV001122,2,2024-01-08,2024-11-12,154.5,True
INV001123,5,2024-03-24,2025-05-26,85.6,True
INV001124,3,2024-06-13,2024-12-08,59.333333333333336,True
INV001126,2,2024-07-15,2024-08-07,11.5,False
INV001127,2,2024-02-06,2024-08-13,94.5,True
INV001128,3,2024-06-09,2024-10-31,48.0,True
INV001129,1,2025-03-31,2025-03-31,0.0,False
INV001130,7,2024-02-08,2025-05-14,65.85714285714286,True
INV001131,4,2024-01-21,2025-05-05,117.5,True
INV001132,1,2025-04-13,2025-04-13,0.0,False
INV001133,4,2024-05-23,2024-12-17,52.0,True
INV001134,1,2025-05-14,2025-05-14,0.0,False
INV001136,2,2024-09-28,2024-11-25,29.0,False
INV001137,7,2024-02-29,2025-02-05,48.857142857142854,True
INV001138,4,2024-04-04,2025-05-13,101.0,True
INV001139,2,2024-06-26,2025-05-17,162.5,True
INV001140,6,2024-04-29,2025-02-25,50.333333333333336,True
INV001141,6,2024-01-27,2025-05-29,81.33333333333333,True
INV001142,7,2024-04-27,2025-01-09,36.714285714285715,True
INV001143,3,2024-01-24,2024-07-12,56.666666666666664,True
INV001144,3,2024-06-29,2025-03-07,83.66666666666667,True
INV001145,3,2025-03-08,2025-04-23,15.333333333333334,False
INV001146,1,2024-12-15,2024-12-15,0.0,False
INV001148,3,2024-06-20,2024-12-07,56.666666666666664,True
INV001149,3,2024-07-28,2025-05-17,97.66666666666667,True
INV001150,3,2024-02-12,2024-11-01,87.66666666666667,True
INV001151,3,2024-02-10,2025-03-27,137.0,True
INV001152,4,2024-05-13,2025-01-01,58.25,True
INV001153,1,2024-02-14,2024-02-14,0.0,False
INV001154,4,2024-01-19,2025-05-30,124.25,True
INV001155,3,2024-04-09,2024-10-05,59.666666666666664,True
INV001156,6,2024-01-02,2025-05-28,85.33333333333333,True
INV001157,5,2024-04-07,2025-02-06,61.0,True
INV001158,3,2024-02-26,2025-05-19,149.33333333333334,True
INV001159,1,2024-04-18,2024-04-18,0.0,False
INV001160,8,2024-04-02,2025-05-10,50.375,True
INV001161,6,2024-01-23,2025-03-01,67.16666666666667,True
INV001163,7,2024-01-30,2025-03-09,57.714285714285715,True
INV001164,2,2024-08-20,2025-03-10,101.0,True
INV001165,5,2024-10-16,2025-05-26,44.4,True
INV001166,5,2024-02-17,2025-04-24,86.4,True
INV001167,6,2024-01-03,2025-04-28,80.16666666666667,True
INV001168,5,2024-02-09,2025-01-07,66.6,True
INV001169,3,2024-01-19,2025-04-15,150.66666666666666,True
INV001170,6,2024-03-03,2025-02-07,56.833333333333336,True
INV001171,4,2024-03-17,2024-12-18,69.0,True
INV001172,2,2025-01-18,2025-05-05,53.5,True
INV001173,6,2024-05-28,2025-04-28,55.833333333333336,True
INV001174,3,2024-01-02,2025-03-19,147.33333333333334,True
INV001175,5,2024-01-20,2024-12-04,63.8,True
INV001176,2,2025-02-22,2025-05-14,40.5,True
INV001177,1,2024-08-01,2024-08-01,0.0,False
INV001178,7,2024-01-31,2025-05-23,68.28571428571429,True
INV001179,1,2024-04-20,2024-04-20,0.0,False
INV001180,6,2024-03-30,2025-04-06,62.0,True
INV001181,8,2024-02-12,2025-05-29,59.0,True
INV001182,2,2024-04-03,2024-04-13,5.0,False
INV001183,5,2024-03-27,2024-12-01,49.8,True
INV001184,1,2025-04-22,2025-04-22,0.0,False
INV001185,5,2024-07-04,2025-05-19,63.8,True
INV001186,5,2024-05-06,2025-03-14,62.4,True
INV001187,1,2024-10-29,2024-10-29,0.0,False
INV001188,1,2024-01-27,2024-01-27,0.0,False
INV001189,3,2024-01-19,2024-05-18,40.0,True
INV001190,6,2024-01-04,2025-05-03,80.83333333333333,True
INV001191,2,2024-01-26,2024-03-14,24.0,False
INV001192,4,2024-09-19,2025-05-10,58.25,True
INV001193,4,2024-10-07,2025-03-19,40.75,True
INV001194,3,2024-06-16,2024-12-02,56.333333333333336,True
INV001195,8,2024-03-16,2025-03-25,46.75,True
INV001196,6,2024-02-20,2025-05-26,76.83333333333333,True
INV001197,3,2024-05-29,2025-01-26,80.66666666666667,True
INV001198,5,2024-02-11,2025-05-14,91.6,True
INV001199,2,2024-01-30,2024-06-21,71.5,True
INV001200,2,2024-05-09,2025-04-28,177.0,True
INV001201,1,2024-08-08,2024-08-08,0.0,False
INV001202,8,2024-04-09,2025-05-20,50.75,True
INV001203,2,2024-07-03,2025-02-13,112.5,True
INV001204,3,2024-02-18,2024-12-31,105.66666666666667,True
INV001205,1,2024-03-20,2024-03-20,0.0,False
INV001206,6,2024-04-05,2025-05-28,69.66666666666667,True
INV001207,5,2024-02-08,2024-10-26,52.2,True
INV001208,7,2024-03-13,2025-01-18,44.42857142857143,True
INV001209,3,2024-04-23,2024-07-22,30.0,False
INV001210,9,2024-03-04,2024-12-24,32.77777777777778,False
INV001211,1,2025-04-20,2025-04-20,0.0,False
INV001212,5,2024-04-26,2025-03-08,63.2,True
INV001213,3,2024-04-22,2025-05-29,134.0,True
INV001214,1,2025-04-22,2025-04-22,0.0,False
INV001215,4,2024-02-04,2025-05-29,120.0,True
INV001216,2,2024-05-02,2025-04-29,181.0,True
INV001217,8,2024-02-29,2025-04-25,52.625,True
INV001218,5,2024-04-09,2025-05-06,78.4,True
INV001219,8,2024-03-04,2025-02-23,44.5,True
INV001220,7,2024-01-08,2025-04-15,66.14285714285714,True
INV001221,5,2024-02-02,2025-04-29,90.4,True
INV001222,5,2024-03-01,2025-02-07,68.6,True
INV001223,7,2024-01-27,2025-03-27,60.714285714285715,True
INV001224,4,2024-11-23,2025-03-23,30.0,False
INV001225,3,2024-03-07,2025-01-29,109.33333333333333,True
INV001226,1,2025-01-30,2025-01-30,0.0,False
INV001227,4,2024-08-30,2025-03-17,49.75,True
INV001228,5,2024-02-20,2025-03-08,76.4,True
INV001229,2,2024-04-19,2024-07-31,51.5,True
INV001230,4,2024-02-29,2024-07-11,33.25,False
INV001231,1,2024-12-13,2024-12-13,0.0,False
INV001232,4,2024-01-13,2025-03-27,109.75,True
INV001233,3,2024-05-28,2024-12-10,65.33333333333333,True
INV001234,8,2024-01-27,2025-03-26,53.0,True
INV001235,9,2024-02-03,2025-05-20,52.44444444444444,True
INV001236,4,2024-02-02,2025-04-17,110.0,True
INV001237,6,2024-01-18,2025-05-22,81.66666666666667,True
INV001238,7,2024-03-27,2025-05-12,58.714285714285715,True
INV001239,1,2025-03-21,2025-03-21,0.0,False
INV001240,1,2024-12-22,2024-12-22,0.0,False
INV001241,4,2024-12-25,2025-04-28,31.0,False
INV001242,6,2024-01-19,2025-01-02,58.166666666666664,True
INV001243,1,2024-07-12,2024-07-12,0.0,False
INV001244,5,2024-09-06,2025-02-24,34.2,False
INV001245,1,2024-03-06,2024-03-06,0.0,False
INV001246,2,2024-01-14,2024-07-16,92.0,True
INV001247,5,2024-07-07,2025-03-08,48.8,True
INV001248,1,2024-08-07,2024-08-07,0.0,False
INV001249,4,2024-05-27,2025-05-20,89.5,True
INV001250,2,2024-03-30,2025-03-18,176.5,True
INV001251,6,2024-02-11,2025-03-27,68.33333333333333,True
INV001254,2,2024-05-25,2024-09-26,62.0,True
INV001255,4,2024-04-27,2025-04-16,88.5,True
INV001256,3,2024-03-11,2025-04-06,130.33333333333334,True
INV001257,5,2024-02-13,2025-04-21,86.6,True
INV001258,2,2024-07-31,2024-09-27,29.0,False
INV001259,5,2024-01-30,2025-05-05,92.2,True
INV001260,5,2024-04-10,2025-04-03,71.6,True
INV001261,5,2024-05-28,2025-01-27,48.8,True
INV001262,7,2024-07-06,2025-04-01,38.42857142857143,True
INV001263,2,2024-07-02,2024-11-18,69.5,True
INV001264,5,2024-02-06,2024-12-16,62.8,True
INV001265,5,2024-04-15,2025-02-28,63.8,True
INV001266,1,2025-04-28,2025-04-28,0.0,False
INV001267,2,2024-06-30,2025-04-19,146.5,True
INV001269,5,2024-05-02,2025-05-27,78.0,True
INV001270,1,2024-05-24,2024-05-24,0.0,False
INV001271,4,2024-06-10,2025-04-28,80.5,True
INV001273,4,2024-02-17,2025-05-02,110.0,True
INV001274,7,2024-03-06,2025-05-20,62.857142857142854,True
INV001275,7,2024-02-11,2025-03-17,57.142857142857146,True
INV001276,3,2024-04-19,2025-03-01,105.33333333333333,True
INV001277,2,2024-02-22,2025-04-17,210.0,True
INV001279,4,2024-02-02,2025-05-28,120.25,True
INV001280,2,2024-03-07,2024-03-15,4.0,False
INV001281,4,2024-02-04,2025-04-23,111.0,True
INV001282,6,2024-06-18,2025-05-19,55.833333333333336,True
INV001284,5,2024-06-26,2025-04-16,58.8,True
INV001285,1,2024-05-26,2024-05-26,0.0,False
INV001286,3,2025-03-09,2025-04-18,13.333333333333334,False
INV001287,6,2024-01-09,2025-04-14,76.83333333333333,True
INV001288,7,2024-04-08,2025-01-07,39.142857142857146,True
INV001289,3,2024-03-26,2025-03-03,114.0,True
INV001290,2,2024-03-07,2024-12-26,147.0,True
INV001291,6,2024-03-27,2025-04-12,63.5,True
INV001292,2,2024-06-26,2024-10-20,58.0,True
INV001294,1,2024-07-04,2024-07-04,0.0,False
INV001295,9,2024-01-05,2025-02-14,45.111111111111114,True
INV001296,1,2025-05-21,2025-05-21,0.0,False
INV001297,2,2024-05-26,2025-01-28,123.5,True
INV001298,7,2024-03-14,2025-05-19,61.57142857142857,True
INV001299,9,2024-02-26,2025-04-11,45.55555555555556,True
INV001300,3,2024-01-17,2024-07-31,65.33333333333333,True
INV001301,1,2025-01-21,2025-01-21,0.0,False
INV001302,1,2024-11-09,2024-11-09,0.0,False
INV001304,6,2024-01-06,2025-05-08,81.33333333333333,True
INV001305,2,2024-07-23,2024-09-03,21.0,False
INV001306,2,2024-08-25,2024-11-25,46.0,True
INV001307,2,2024-05-24,2025-03-24,152.0,True
INV001308,9,2024-01-29,2025-04-10,48.55555555555556,True
INV001309,1,2024-12-11,2024-12-11,0.0,False
INV001310,6,2024-02-03,2025-03-15,67.66666666666667,True
INV001311,4,2024-01-07,2025-04-05,113.5,True
INV001312,4,2024-02-27,2024-10-12,57.0,True
INV001313,1,2024-01-19,2024-01-19,0.0,False
INV001314,10,2024-02-03,2025-05-02,45.4,True
INV001315,7,2024-02-09,2024-12-16,44.42857142857143,True
INV001316,6,2024-02-05,2025-05-12,77.0,True
INV001317,6,2024-01-24,2025-03-23,70.66666666666667,True
INV001318,10,2024-01-27,2025-03-18,41.6,True
INV001319,4,2024-10-06,2025-02-19,34.0,False
INV001320,5,2024-03-15,2024-11-16,49.2,True
INV001321,5,2024-02-26,2025-01-17,65.2,True
INV001322,3,2024-01-15,2024-10-31,96.66666666666667,True
INV001323,1,2025-04-12,2025-04-12,0.0,False
INV001324,1,2025-03-24,2025-03-24,0.0,False
INV001325,4,2024-01-18,2025-05-27,123.75,True
INV001326,8,2024-01-29,2025-05-29,60.75,True
INV001327,1,2024-01-07,2024-01-07,0.0,False
INV001328,2,2024-07-28,2024-10-07,35.5,True
INV001329,6,2024-03-22,2025-02-26,56.833333333333336,True
INV001330,3,2024-06-26,2025-01-26,71.33333333333333,True
INV001331,6,2024-01-04,2025-04-19,78.5,True
INV001332,7,2024-02-03,2025-05-28,68.57142857142857,True
INV001333,7,2024-01-08,2025-04-24,67.42857142857143,True
INV001334,5,2024-02-24,2025-04-03,80.8,True
INV001335,1,2024-05-24,2024-05-24,0.0,False
INV001336,8,2024-02-10,2025-05-16,57.625,True
INV001337,4,2024-03-06,2024-11-05,61.0,True
INV001338,1,2024-10-19,2024-10-19,0.0,False
INV001339,1,2025-04-04,2025-04-04,0.0,False
INV001340,1,2025-03-28,2025-03-28,0.0,False
INV001341,3,2024-05-04,2025-03-10,103.33333333333333,True
INV001342,5,2024-03-04,2025-05-05,85.4,True
INV001343,4,2024-02-28,2024-12-04,70.0,True
INV001344,1,2024-03-12,2024-03-12,0.0,False
INV001345,4,2024-05-24,2025-05-10,87.75,True
INV001346,5,2024-01-29,2024-10-09,50.8,True
INV001347,2,2024-05-08,2025-01-28,132.5,True
INV001348,7,2024-03-07,2024-12-19,41.0,True
INV001349,1,2024-06-22,2024-06-22,0.0,False
INV001350,2,2024-03-30,2025-05-15,205.5,True
INV001351,7,2024-01-26,2025-03-24,60.42857142857143,True
INV001352,4,2024-03-11,2024-05-20,17.5,False
INV001353,5,2024-06-10,2025-03-29,58.4,True
INV001354,4,2024-02-21,2025-03-21,98.5,True
INV001355,6,2024-06-03,2025-03-31,50.166666666666664,True
INV001356,6,2024-03-05,2025-04-05,66.0,True
INV001357,4,2024-07-06,2024-12-13,40.0,True
INV001358,1,2024-02-15,2024-02-15,0.0,False
INV001359,7,2024-03-10,2025-05-19,62.142857142857146,True
INV001360,1,2024-09-15,2024-09-15,0.0,False
INV001361,7,2024-01-28,2024-11-26,43.285714285714285,True
INV001362,3,2024-06-06,2024-08-04,19.666666666666668,False
INV001363,5,2024-01-07,2024-11-06,60.8,True
INV001365,3,2024-04-28,2024-08-07,33.666666666666664,False
INV001366,5,2024-05-04,2025-04-22,70.6,True
INV001367,6,2024-01-03,2025-05-12,82.5,True
INV001368,1,2024-04-27,2024-04-27,0.0,False
INV001369,4,2024-06-26,2025-05-10,79.5,True
INV001370,5,2024-01-23,2025-03-09,82.2,True
INV001371,1,2025-03-31,2025-03-31,0.0,False
INV001372,3,2024-02-28,2025-02-23,120.33333333333333,True
INV001373,2,2024-07-25,2024-12-26,77.0,True
INV001374,2,2025-02-08,2025-03-13,16.5,False
INV001375,7,2024-02-04,2025-05-20,67.28571428571429,True
INV001376,7,2024-01-15,2025-05-01,67.42857142857143,True
INV001377,4,2024-02-06,2024-06-19,33.5,False
INV001378,1,2024-07-02,2024-07-02,0.0,False
INV001379,4,2024-04-05,2024-09-02,37.5,True
INV001380,1,2024-12-14,2024-12-14,0.0,False
INV001382,3,2024-05-11,2025-03-10,101.0,True
INV001383,8,2024-02-26,2025-03-25,49.125,True
INV001384,4,2024-02-28,2025-02-09,86.75,True
INV001385,3,2024-01-08,2025-04-25,157.66666666666666,True
INV001386,2,2024-01-31,2024-08-19,100.5,True
INV001387,9,2024-02-01,2025-05-04,50.888888888888886,True
INV001388,2,2024-05-04,2025-01-21,131.0,True
INV001389,1,2024-08-12,2024-08-12,0.0,False
INV001390,3,2024-02-02,2025-03-18,136.66666666666666,True
INV001391,4,2024-07-26,2025-04-14,65.5,True
INV001392,4,2024-12-11,2025-05-11,37.75,True
INV001393,2,2024-09-15,2025-04-11,104.0,True
INV001394,8,2024-02-06,2025-04-26,55.625,True
INV001395,4,2024-04-01,2025-04-28,98.0,True
INV001396,2,2024-09-19,2025-01-19,61.0,True
INV001397,5,2024-01-26,2025-05-09,93.8,True
INV001398,4,2024-01-10,2025-03-17,108.0,True
INV001399,4,2024-03-12,2024-10-12,53.5,True
INV001400,6,2024-01-01,2025-01-19,64.0,True
INV001401,6,2024-04-15,2025-03-24,57.166666666666664,True
INV001402,4,2024-03-28,2025-05-26,106.0,True
INV001403,1,2025-04-28,2025-04-28,0.0,False
INV001404,2,2024-05-14,2024-12-01,100.5,True
INV001405,4,2024-04-14,2025-05-10,97.75,True
INV001406,10,2024-03-12,2025-05-15,42.9,True
INV001407,6,2024-01-08,2024-08-21,37.666666666666664,True
INV001408,2,2024-07-09,2024-08-24,23.0,False
INV001409,5,2024-10-15,2025-04-27,38.8,True
INV001410,4,2024-02-11,2025-03-11,98.5,True
INV001411,5,2024-01-03,2025-04-03,91.2,True
INV001412,2,2024-08-04,2024-12-23,70.5,True
INV001413,5,2024-05-26,2025-04-11,64.0,True
INV001414,1,2024-02-27,2024-02-27,0.0,False
INV001415,8,2024-01-17,2025-05-08,59.625,True
INV001416,2,2024-04-02,2025-01-30,151.5,True
INV001417,1,2024-04-30,2024-04-30,0.0,False
INV001418,6,2024-01-31,2025-04-18,73.83333333333333,True
INV001419,6,2024-01-11,2025-03-15,71.5,True
INV001420,2,2024-05-19,2025-02-15,136.0,True
INV001421,5,2024-03-12,2025-05-21,87.0,True
INV001422,4,2024-01-22,2024-04-30,24.75,False
INV001423,8,2024-02-03,2025-01-08,42.5,True
INV001424,4,2024-01-18,2025-04-27,116.25,True
INV001425,2,2024-01-23,2025-04-12,222.5,True
INV001426,1,2024-07-24,2024-07-24,0.0,False
INV001427,1,2025-03-02,2025-03-02,0.0,False
INV001428,6,2024-04-17,2025-05-19,66.16666666666667,True
INV001429,1,2024-09-17,2024-09-17,0.0,False
INV001430,1,2024-05-22,2024-05-22,0.0,False
INV001431,3,2024-08-12,2024-11-19,33.0,False
INV001432,6,2024-02-14,2025-02-05,59.5,True
INV001433,3,2024-12-31,2025-05-23,47.666666666666664,True
INV001434,6,2024-04-09,2025-05-17,67.16666666666667,True
INV001435,2,2024-10-02,2024-11-07,18.0,False
INV001436,2,2025-01-20,2025-02-26,18.5,False
INV001437,1,2024-10-16,2024-10-16,0.0,False
INV001438,1,2024-12-03,2024-12-03,0.0,False
INV001439,3,2024-04-29,2025-04-02,112.66666666666667,True
INV001440,2,2024-02-04,2024-09-17,113.0,True
INV001441,2,2024-01-30,2024-03-30,30.0,False
INV001442,9,2024-02-21,2025-05-23,50.77777777777778,True
INV001443,3,2024-08-05,2025-03-01,69.33333333333333,True
INV001444,3,2024-08-29,2024-12-15,36.0,True
INV001445,4,2024-10-06,2025-04-23,49.75,True
INV001446,2,2024-08-16,2025-01-02,69.5,True
INV001447,3,2024-02-22,2025-01-18,110.33333333333333,True
INV001448,2,2024-10-03,2025-01-07,48.0,True
INV001449,4,2024-02-16,2024-08-29,48.75,True
INV001450,3,2024-07-03,2024-11-22,47.333333333333336,True
INV001451,1,2024-11-16,2024-11-16,0.0,False
INV001452,3,2024-05-05,2024-07-25,27.0,False
INV001453,3,2024-05-10,2025-03-02,98.66666666666667,True
INV001454,7,2024-01-03,2025-03-16,62.57142857142857,True
INV001455,8,2024-01-10,2025-04-07,56.625,True
INV001456,5,2024-03-04,2025-04-27,83.8,True
INV001457,6,2024-01-21,2024-08-27,36.5,True
INV001458,7,2024-02-01,2025-01-25,51.285714285714285,True
INV001459,1,2024-05-25,2024-05-25,0.0,False
INV001460,4,2024-08-27,2025-04-15,57.75,True
INV001461,2,2024-02-08,2024-03-22,21.5,False
INV001462,5,2024-02-19,2025-01-04,64.0,True
INV001463,2,2024-01-17,2024-03-28,35.5,True
INV001464,1,2025-05-20,2025-05-20,0.0,False
INV001465,3,2024-03-20,2025-01-05,97.0,True
INV001466,6,2024-02-25,2024-10-05,37.166666666666664,True
INV001467,5,2024-01-11,2025-01-22,75.4,True
INV001468,2,2024-01-21,2024-01-27,3.0,False
INV001469,1,2025-02-17,2025-02-17,0.0,False
INV001470,3,2024-02-15,2025-04-24,144.66666666666666,True
INV001472,6,2024-01-10,2025-02-08,65.83333333333333,True
INV001473,3,2024-01-23,2025-05-02,155.0,True
INV001474,1,2025-02-11,2025-02-11,0.0,False
INV001475,3,2024-09-14,2025-03-30,65.66666666666667,True
INV001476,4,2024-01-07,2025-02-14,101.0,True
INV001477,1,2024-12-10,2024-12-10,0.0,False
INV001478,4,2024-01-26,2025-05-18,119.5,True
INV001479,2,2024-09-20,2025-04-12,102.0,True
INV001480,4,2024-01-09,2024-10-22,71.75,True
INV001481,5,2024-02-07,2024-12-02,59.8,True
INV001482,6,2024-04-10,2025-05-18,67.16666666666667,True
INV001483,5,2024-02-29,2025-03-18,76.6,True
INV001484,2,2024-04-12,2024-04-30,9.0,False
INV001485,9,2024-02-05,2025-04-20,48.888888888888886,True
INV001486,1,2025-02-18,2025-02-18,0.0,False
INV001487,3,2024-07-12,2025-01-10,60.666666666666664,True
INV001488,3,2024-06-21,2025-05-03,105.33333333333333,True
INV001489,4,2024-01-26,2025-01-02,85.5,True
INV001491,6,2024-01-07,2025-05-15,82.33333333333333,True
INV001492,3,2024-01-06,2024-11-10,103.0,True
INV001494,3,2024-01-17,2025-04-04,147.66666666666666,True
INV001495,2,2025-03-03,2025-03-19,8.0,False
INV001496,5,2024-01-26,2025-02-07,75.6,True
INV001497,9,2024-01-01,2025-05-19,56.0,True
INV001498,1,2024-06-28,2024-06-28,0.0,False
INV001499,3,2024-01-10,2024-09-11,81.66666666666667,True
INV001500,3,2024-03-05,2024-10-06,71.66666666666667,True
INV001501,3,2024-02-04,2024-11-09,93.0,True
INV001502,1,2025-02-13,2025-02-13,0.0,False
INV001503,4,2024-08-22,2025-04-03,56.0,True
INV001504,9,2024-03-21,2025-05-29,48.22222222222222,True
INV001505,2,2024-03-11,2025-01-01,148.0,True
INV001506,3,2024-03-16,2024-11-09,79.33333333333333,True
INV001507,6,2024-02-01,2025-04-07,71.83333333333333,True
INV001508,3,2024-01-03,2025-02-17,137.0,True
INV001509,1,2025-04-05,2025-04-05,0.0,False
INV001510,7,2024-03-05,2025-04-10,57.285714285714285,True
INV001511,1,2024-12-28,2024-12-28,0.0,False
INV001512,5,2024-01-28,2025-03-21,83.6,True
INV001513,3,2024-02-17,2024-07-24,52.666666666666664,True
INV001514,7,2024-02-27,2025-01-03,44.42857142857143,True
INV001515,4,2024-01-21,2025-02-13,97.25,True
INV001516,6,2024-07-31,2025-05-11,47.333333333333336,True
INV001518,5,2024-06-28,2025-02-21,47.6,True
INV001519,3,2024-03-05,2024-08-06,51.333333333333336,True
INV001520,1,2025-02-23,2025-02-23,0.0,False
INV001521,5,2024-03-04,2025-02-19,70.4,True
INV001522,2,2024-09-07,2025-03-31,102.5,True
INV001524,5,2024-05-11,2025-05-27,76.2,True
INV001525,5,2024-05-13,2024-11-26,39.4,True
INV001526,6,2024-02-17,2024-10-26,42.0,True
INV001527,1,2024-03-01,2024-03-01,0.0,False
INV001528,5,2024-01-13,2025-05-07,96.0,True
INV001529,1,2024-04-01,2024-04-01,0.0,False
INV001530,7,2024-01-14,2025-02-05,55.42857142857143,True
INV001531,3,2024-04-11,2024-12-08,80.33333333333333,True
INV001532,7,2024-03-07,2025-02-11,48.714285714285715,True
INV001534,5,2024-01-19,2025-04-11,89.6,True
INV001535,3,2024-02-01,2025-04-28,150.66666666666666,True
INV001536,7,2024-01-04,2025-02-21,59.142857142857146,True
INV001537,3,2024-11-27,2025-05-16,56.666666666666664,True
INV001538,4,2024-01-12,2025-02-08,98.25,True
INV001539,2,2024-01-12,2024-11-13,153.0,True
INV001540,4,2024-01-01,2025-02-19,103.75,True
INV001542,5,2024-07-04,2025-03-13,50.4,True
INV001543,2,2024-04-27,2025-01-04,126.0,True
INV001544,5,2024-02-29,2025-04-30,85.2,True
INV001545,6,2024-01-29,2025-05-07,77.33333333333333,True
INV001547,7,2024-02-28,2025-05-06,61.857142857142854,True
INV001548,6,2024-03-20,2025-04-27,67.16666666666667,True
INV001549,5,2024-02-29,2024-09-16,40.0,True
INV001550,7,2024-02-01,2025-05-20,67.71428571428571,True
INV001551,6,2024-07-01,2025-05-06,51.5,True
INV001552,1,2024-12-29,2024-12-29,0.0,False
INV001553,4,2024-05-05,2025-03-01,75.0,True
INV001554,2,2024-10-23,2024-10-28,2.5,False
INV001555,2,2024-01-26,2024-08-12,99.5,True
INV001556,2,2024-10-09,2025-02-14,64.0,True
INV001557,2,2024-02-09,2025-02-14,185.5,True
INV001558,5,2024-04-10,2025-02-09,61.0,True
INV001560,3,2024-01-22,2025-03-25,142.66666666666666,True
INV001561,4,2024-04-13,2025-03-10,82.75,True
INV001562,10,2024-03-01,2025-04-03,39.8,True
INV001563,1,2024-06-02,2024-06-02,0.0,False
INV001564,8,2024-03-23,2025-04-17,48.75,True
INV001566,3,2024-06-04,2025-04-06,102.0,True
INV001567,5,2024-08-01,2024-12-18,27.8,False
INV001568,1,2025-05-25,2025-05-25,0.0,False
INV001569,6,2024-03-03,2025-04-24,69.5,True
INV001570,2,2024-03-15,2025-01-13,152.0,True
INV001571,1,2024-11-04,2024-11-04,0.0,False
INV001572,1,2025-05-26,2025-05-26,0.0,False
INV001573,5,2024-09-28,2025-03-20,34.6,False
INV001574,5,2024-05-05,2025-01-16,51.2,True
INV001575,4,2024-03-20,2025-02-18,83.75,True
INV001576,5,2024-01-31,2025-04-27,90.4,True
INV001577,1,2024-08-21,2024-08-21,0.0,False
INV001578,1,2024-02-04,2024-02-04,0.0,False
INV001579,7,2024-01-04,2025-03-29,64.28571428571429,True
INV001580,7,2024-07-23,2025-04-23,39.142857142857146,True
INV001581,1,2025-02-18,2025-02-18,0.0,False
INV001582,1,2024-07-09,2024-07-09,0.0,False
INV001583,3,2024-02-16,2024-08-16,60.666666666666664,True
INV001584,3,2024-12-09,2025-03-14,31.666666666666668,False
INV001585,6,2024-04-12,2025-01-20,47.166666666666664,True
INV001586,4,2024-09-03,2025-05-29,67.0,True
INV001587,7,2024-04-10,2025-05-05,55.714285714285715,True
INV001588,3,2024-03-22,2024-08-18,49.666666666666664,True
INV001589,1,2025-02-20,2025-02-20,0.0,False
INV001590,2,2024-03-28,2024-12-06,126.5,True
INV001591,2,2025-01-28,2025-04-07,34.5,False
INV001592,2,2024-09-07,2024-09-11,2.0,False
INV001593,1,2025-01-29,2025-01-29,0.0,False
INV001594,2,2024-01-20,2024-05-21,61.0,True
INV001595,4,2024-04-19,2025-05-19,98.75,True
INV001596,1,2024-05-01,2024-05-01,0.0,False
INV001597,7,2024-06-19,2025-05-21,48.0,True
INV001598,5,2024-04-16,2025-05-15,78.8,True
INV001599,6,2024-01-15,2024-11-01,48.5,True
INV001600,2,2024-01-30,2024-10-16,130.0,True
INV001601,1,2024-08-10,2024-08-10,0.0,False
INV001602,6,2024-01-07,2025-04-20,78.16666666666667,True
INV001603,7,2024-02-06,2024-12-29,46.714285714285715,True
INV001604,2,2024-07-22,2024-10-02,36.0,True
INV001605,8,2024-01-08,2025-03-07,53.0,True
INV001606,7,2024-04-08,2025-05-19,58.0,True
INV001607,2,2024-02-10,2025-05-17,231.0,True
INV001608,5,2024-06-30,2025-04-03,55.4,True
INV001609,4,2024-05-23,2024-11-21,45.5,True
INV001611,5,2024-05-28,2025-03-05,56.2,True
INV001612,5,2024-05-06,2025-04-13,68.4,True
INV001613,1,2025-04-30,2025-04-30,0.0,False
INV001614,2,2024-03-03,2024-03-30,13.5,False
INV001615,3,2024-02-28,2025-01-01,102.66666666666667,True
INV001616,9,2024-01-29,2025-03-28,47.111111111111114,True
INV001617,1,2025-03-04,2025-03-04,0.0,False
INV001618,5,2024-02-15,2025-01-20,68.0,True
INV001619,3,2024-04-21,2025-04-06,116.66666666666667,True
INV001620,4,2024-08-18,2025-04-07,58.0,True
INV001621,3,2024-02-10,2025-01-09,111.33333333333333,True
INV001622,2,2024-04-06,2024-10-19,98.0,True
INV001623,6,2024-01-27,2025-05-01,76.66666666666667,True
INV001624,4,2024-10-28,2025-02-20,28.75,False
INV001625,6,2024-02-16,2025-02-10,60.0,True
INV001626,2,2024-04-04,2024-12-04,122.0,True
INV001627,4,2024-02-28,2025-02-16,88.5,True
INV001628,8,2024-05-27,2025-05-24,45.25,True
INV001629,7,2024-03-28,2025-05-07,57.857142857142854,True
INV001630,3,2024-01-06,2024-06-13,53.0,True
INV001631,6,2024-07-04,2025-04-15,47.5,True
INV001633,1,2024-07-16,2024-07-16,0.0,False
INV001634,1,2025-05-18,2025-05-18,0.0,False
INV001635,2,2024-07-16,2025-02-01,100.0,True
INV001636,9,2024-01-05,2025-01-30,43.44444444444444,True
INV001637,1,2024-02-21,2024-02-21,0.0,False
INV001638,3,2024-02-09,2024-03-24,14.666666666666666,False
INV001639,4,2024-06-27,2025-01-25,53.0,True
INV001640,5,2024-10-02,2024-12-25,16.8,False
INV001641,6,2024-01-19,2025-04-05,73.66666666666667,True
INV001642,1,2024-02-17,2024-02-17,0.0,False
INV001643,5,2024-02-14,2025-01-24,69.0,True
INV001644,6,2024-05-04,2025-03-28,54.666666666666664,True
INV001645,6,2024-03-15,2025-02-16,56.333333333333336,True
INV001646,3,2024-03-29,2024-12-12,86.0,True
INV001648,5,2024-05-09,2025-02-23,58.0,True
INV001649,10,2024-02-07,2025-05-17,46.5,True
INV001650,3,2024-04-09,2024-12-11,82.0,True
INV001651,7,2024-01-05,2025-04-21,67.42857142857143,True
INV001652,4,2024-05-12,2025-03-06,74.5,True
INV001653,6,2024-02-18,2024-11-20,46.0,True
INV001654,7,2024-02-17,2025-01-18,48.0,True
INV001655,4,2024-05-08,2024-09-07,30.5,False
INV001656,8,2024-02-18,2025-04-12,52.375,True
INV001658,5,2024-02-21,2025-04-18,84.4,True
INV001659,2,2024-11-19,2024-12-30,20.5,False
INV001660,4,2024-03-30,2025-04-28,98.5,True
INV001661,3,2024-02-21,2025-03-18,130.33333333333334,True
INV001662,6,2024-01-22,2024-11-18,50.166666666666664,True
INV001663,5,2024-05-20,2025-03-13,59.4,True
INV001664,1,2024-04-25,2024-04-25,0.0,False
INV001665,3,2024-01-01,2024-08-21,77.66666666666667,True
INV001666,4,2024-07-07,2024-12-20,41.5,True
INV001667,1,2025-03-30,2025-03-30,0.0,False
INV001668,1,2024-06-02,2024-06-02,0.0,False
INV001669,3,2024-07-03,2024-08-01,9.666666666666666,False
INV001670,4,2024-03-31,2025-02-01,76.75,True
INV001671,4,2024-04-10,2025-04-17,93.0,True
INV001672,9,2024-03-30,2024-12-27,30.22222222222222,False
INV001673,11,2024-01-11,2025-05-18,44.81818181818182,True
INV001674,4,2024-06-12,2025-02-23,64.0,True
INV001676,1,2025-03-26,2025-03-26,0.0,False
INV001677,2,2024-04-25,2025-05-10,190.0,True
INV001678,1,2024-09-05,2024-09-05,0.0,False
INV001679,4,2024-01-10,2025-02-16,100.75,True
INV001680,9,2024-01-10,2025-04-25,52.333333333333336,True
INV001681,2,2024-04-03,2025-02-27,165.0,True
INV001682,1,2024-11-18,2024-11-18,0.0,False
INV001683,7,2024-03-08,2025-05-17,62.142857142857146,True
INV001684,3,2024-05-17,2025-03-19,102.0,True
INV001685,2,2024-09-14,2024-10-28,22.0,False
INV001686,1,2025-05-14,2025-05-14,0.0,False
INV001687,4,2024-02-08,2024-11-17,70.75,True
INV001688,3,2024-05-10,2025-05-07,120.66666666666667,True
INV001689,6,2024-03-25,2025-05-17,69.66666666666667,True
INV001690,7,2024-01-14,2025-05-15,69.57142857142857,True
INV001691,6,2024-03-15,2025-04-29,68.33333333333333,True
INV001692,2,2024-01-09,2024-02-12,17.0,False
INV001693,3,2024-05-18,2025-03-26,104.0,True
INV001694,8,2024-02-05,2025-05-13,57.875,True
INV001695,5,2024-02-24,2024-08-13,34.2,False
INV001696,4,2024-01-08,2025-03-22,109.75,True
INV001697,9,2024-01-08,2025-05-22,55.55555555555556,True
INV001698,1,2025-04-17,2025-04-17,0.0,False
INV001699,6,2024-01-02,2025-02-21,69.33333333333333,True
INV001700,1,2024-02-02,2024-02-02,0.0,False
INV001701,5,2024-03-12,2025-05-26,88.0,True
INV001702,1,2024-02-02,2024-02-02,0.0,False
INV001703,1,2025-02-07,2025-02-07,0.0,False
INV001705,4,2024-02-08,2024-07-31,43.5,True
INV001706,5,2024-02-25,2025-03-07,75.2,True
INV001707,2,2024-01-27,2024-12-06,157.0,True
INV001708,3,2024-02-06,2025-01-13,114.0,True
INV001709,6,2024-01-10,2024-09-25,43.166666666666664,True
INV001710,1,2024-09-26,2024-09-26,0.0,False
INV001711,7,2024-03-13,2025-04-12,56.42857142857143,True
INV001712,6,2024-03-29,2025-02-25,55.5,True
INV001713,5,2024-05-02,2025-03-19,64.2,True
INV001714,3,2024-05-22,2025-02-12,88.66666666666667,True
INV001715,8,2024-01-31,2025-05-23,59.75,True
INV001716,4,2024-02-14,2024-09-28,56.75,True
INV001718,6,2024-02-09,2025-04-04,70.0,True
INV001719,3,2024-05-29,2024-12-22,69.0,True
INV001720,5,2024-03-11,2025-04-29,82.8,True
INV001721,4,2024-03-28,2025-05-20,104.5,True
INV001722,3,2024-03-08,2025-03-26,127.66666666666667,True
INV001723,3,2024-01-07,2024-02-21,15.0,False
INV001724,7,2024-02-18,2025-04-11,59.714285714285715,True
INV001725,5,2024-02-20,2025-04-26,86.2,True
INV001726,1,2024-07-30,2024-07-30,0.0,False
INV001727,3,2024-01-02,2024-10-18,96.66666666666667,True
INV001728,8,2024-01-15,2025-01-03,44.25,True
INV001729,1,2024-05-24,2024-05-24,0.0,False
INV001730,2,2024-10-27,2024-11-13,8.5,False
INV001731,2,2024-06-24,2025-04-30,155.0,True
INV001732,4,2024-02-08,2025-05-14,115.25,True
INV001733,1,2024-09-29,2024-09-29,0.0,False
INV001734,4,2024-02-14,2025-02-04,89.0,True
INV001735,5,2024-01-07,2025-04-25,94.8,True
INV001736,4,2024-06-08,2025-05-11,84.25,True
INV001737,7,2024-02-08,2025-01-14,48.714285714285715,True
INV001738,9,2024-02-24,2025-03-10,42.22222222222222,True
INV001739,9,2024-02-28,2025-04-23,46.666666666666664,True
INV001740,5,2024-03-24,2025-05-27,85.8,True
INV001741,6,2024-02-14,2025-05-06,74.5,True
INV001742,5,2024-04-15,2024-11-08,41.4,True
INV001743,3,2024-08-08,2024-10-19,24.0,False
INV001744,7,2024-01-11,2025-04-26,67.28571428571429,True
INV001745,3,2024-05-28,2025-05-03,113.33333333333333,True
INV001746,5,2024-03-06,2024-11-28,53.4,True
INV001747,5,2024-01-30,2025-05-04,92.0,True
INV001748,3,2024-01-19,2024-08-08,67.33333333333333,True
INV001749,1,2025-03-29,2025-03-29,0.0,False
INV001750,2,2024-07-16,2025-04-28,143.0,True
INV001751,4,2024-09-09,2025-01-23,34.0,False
INV001752,7,2024-02-25,2025-04-16,59.42857142857143,True
INV001753,11,2024-03-07,2025-05-09,38.90909090909091,True
INV001754,3,2024-11-10,2025-03-27,45.666666666666664,True
INV001757,8,2024-04-01,2025-04-25,48.625,True
INV001758,4,2024-08-24,2025-05-05,63.5,True
INV001759,10,2024-02-17,2025-05-08,44.6,True
INV001760,3,2024-03-30,2025-02-19,108.66666666666667,True
INV001761,1,2025-05-13,2025-05-13,0.0,False
INV001762,4,2024-02-11,2024-09-23,56.25,True
INV001763,3,2024-06-12,2025-03-02,87.66666666666667,True
INV001764,3,2024-02-23,2024-12-14,98.33333333333333,True
INV001765,4,2024-02-14,2025-02-22,93.5,True
INV001766,2,2024-02-21,2024-08-05,83.0,True
INV001768,2,2024-03-20,2024-03-22,1.0,False
INV001769,6,2024-01-03,2025-05-07,81.66666666666667,True
INV001770,5,2024-10-02,2025-05-18,45.6,True
INV001771,1,2024-03-19,2024-03-19,0.0,False
INV001772,6,2024-01-21,2025-05-10,79.16666666666667,True
INV001773,5,2024-02-01,2024-09-03,43.0,True
INV001774,3,2024-01-27,2024-10-12,86.33333333333333,True
INV001775,8,2024-10-12,2025-05-04,25.5,False
INV001776,1,2025-05-22,2025-05-22,0.0,False
INV001777,9,2024-01-27,2025-05-02,51.22222222222222,True
INV001778,8,2024-01-10,2025-03-30,55.625,True
INV001779,1,2024-10-27,2024-10-27,0.0,False
INV001780,1,2024-07-03,2024-07-03,0.0,False
INV001781,3,2024-04-28,2025-02-20,99.33333333333333,True
INV001782,4,2024-06-24,2024-12-07,41.5,True
INV001783,4,2024-01-16,2024-10-07,66.25,True
INV001784,5,2024-03-10,2025-03-25,76.0,True
INV001785,3,2024-04-10,2025-05-19,134.66666666666666,True
INV001786,1,2024-08-10,2024-08-10,0.0,False
INV001787,2,2024-06-23,2024-08-24,31.0,False
INV001788,3,2024-12-29,2025-04-08,33.333333333333336,False
INV001789,2,2024-05-25,2024-09-12,55.0,True
INV001790,4,2024-03-20,2025-04-25,100.25,True
INV001791,3,2024-04-15,2025-01-14,91.33333333333333,True
INV001792,5,2024-02-16,2024-12-04,58.4,True
INV001793,1,2024-04-08,2024-04-08,0.0,False
INV001794,5,2024-04-20,2025-01-28,56.6,True
INV001795,3,2024-02-21,2025-03-20,131.0,True
INV001796,3,2024-08-27,2024-11-03,22.666666666666668,False
INV001797,7,2024-02-07,2025-05-30,68.28571428571429,True
INV001798,5,2024-04-14,2024-10-27,39.2,True
INV001799,4,2024-05-02,2025-01-22,66.25,True
INV001800,7,2024-01-15,2024-11-08,42.57142857142857,True
INV001801,5,2024-05-12,2025-04-20,68.6,True
INV001802,7,2024-05-02,2025-05-07,52.857142857142854,True
INV001803,6,2024-05-25,2025-03-16,49.166666666666664,True
INV001804,8,2024-02-06,2025-03-03,48.875,True
INV001805,4,2024-05-10,2024-10-29,43.0,True
INV001806,8,2024-01-04,2025-02-27,52.5,True
INV001809,6,2024-01-21,2025-05-13,79.66666666666667,True
INV001810,5,2024-07-12,2025-04-06,53.6,True
INV001811,9,2024-03-04,2025-05-12,48.22222222222222,True
INV001813,3,2024-08-22,2025-05-29,93.33333333333333,True
INV001814,5,2024-02-11,2025-03-13,79.2,True
INV001815,4,2024-04-30,2024-09-10,33.25,False
INV001816,4,2024-09-16,2025-02-16,38.25,True
INV001817,1,2024-07-28,2024-07-28,0.0,False
INV001818,1,2024-04-24,2024-04-24,0.0,False
INV001819,2,2024-01-20,2024-07-27,94.5,True
INV001820,4,2024-03-11,2025-04-20,101.25,True
INV001821,3,2024-04-14,2025-03-14,111.33333333333333,True
INV001822,6,2024-03-16,2024-06-23,16.5,False
INV001823,8,2024-01-25,2025-03-07,50.875,True
INV001824,1,2024-02-08,2024-02-08,0.0,False
INV001825,4,2024-06-24,2025-03-15,66.0,True
INV001826,6,2024-02-25,2024-11-07,42.666666666666664,True
INV001827,5,2024-02-01,2025-05-21,95.0,True
INV001828,8,2024-01-23,2024-11-29,38.875,True
INV001829,4,2024-07-02,2025-05-18,80.0,True
INV001830,3,2024-04-29,2024-11-13,66.0,True
INV001831,6,2024-03-03,2025-03-02,60.666666666666664,True
INV001832,4,2024-03-15,2024-11-06,59.0,True
INV001833,5,2024-02-01,2024-10-09,50.2,True
INV001834,4,2024-05-04,2025-04-01,83.0,True
INV001835,5,2024-04-03,2024-11-11,44.4,True
INV001836,5,2024-05-16,2025-02-11,54.2,True
INV001837,7,2024-03-15,2025-03-27,53.857142857142854,True
INV001838,1,2025-05-30,2025-05-30,0.0,False
INV001839,3,2024-02-17,2025-03-25,134.0,True
INV001840,1,2024-07-11,2024-07-11,0.0,False
INV001841,6,2024-06-21,2025-03-29,46.833333333333336,True
INV001842,4,2024-02-23,2025-04-24,106.5,True
INV001843,4,2024-05-12,2025-04-18,85.25,True
INV001844,2,2024-04-15,2025-04-12,181.0,True
INV001845,3,2024-03-24,2025-05-12,138.0,True
INV001846,3,2024-08-03,2025-02-18,66.33333333333333,True
INV001847,2,2024-09-23,2025-04-30,109.5,True
INV001848,4,2024-01-06,2025-05-01,120.25,True
INV001849,4,2024-03-13,2025-04-27,102.5,True
INV001850,2,2024-02-26,2024-10-10,113.5,True
INV001851,4,2024-05-13,2025-04-07,82.25,True
INV001852,4,2024-01-14,2024-12-16,84.25,True
INV001853,8,2024-02-20,2025-01-17,41.5,True
INV001854,1,2024-12-20,2024-12-20,0.0,False
INV001855,2,2024-07-28,2025-01-03,79.5,True
INV001856,4,2024-01-30,2025-02-08,93.75,True
INV001857,4,2024-02-22,2025-05-18,112.75,True
INV001858,8,2024-04-05,2025-04-26,48.25,True
INV001859,3,2024-01-16,2025-02-11,130.66666666666666,True
INV001860,2,2024-01-03,2025-05-11,247.0,True
INV001861,5,2024-07-09,2025-01-30,41.0,True
INV001862,1,2024-11-30,2024-11-30,0.0,False
INV001863,2,2025-05-24,2025-05-27,1.5,False
INV001865,7,2024-01-11,2025-01-26,54.42857142857143,True
INV001866,6,2024-02-27,2024-12-17,49.0,True
INV001867,4,2024-01-16,2025-03-21,107.5,True
INV001868,4,2024-01-18,2024-12-31,87.0,True
INV001869,1,2025-01-02,2025-01-02,0.0,False
INV001870,7,2024-01-06,2025-04-06,65.14285714285714,True
INV001871,7,2024-01-26,2024-12-21,47.142857142857146,True
INV001872,3,2024-04-15,2025-02-13,101.33333333333333,True
INV001873,3,2024-01-10,2024-05-26,45.666666666666664,True
INV001874,4,2024-07-09,2025-05-20,78.75,True
INV001875,2,2025-02-04,2025-03-25,24.5,False
INV001876,3,2024-02-25,2024-11-10,86.33333333333333,True
INV001877,5,2024-05-15,2025-04-09,65.8,True
INV001878,2,2025-01-20,2025-01-23,1.5,False
INV001879,5,2024-01-29,2025-05-11,93.6,True
INV001880,5,2024-08-30,2025-04-30,48.6,True
INV001881,5,2024-01-09,2024-08-29,46.6,True
INV001882,3,2024-08-06,2025-03-15,73.66666666666667,True
INV001883,6,2024-01-16,2025-05-26,82.66666666666667,True
INV001885,6,2024-03-05,2025-02-24,59.333333333333336,True
INV001886,9,2024-03-17,2025-04-27,45.111111111111114,True
INV001887,3,2024-01-30,2025-05-12,156.0,True
INV001888,5,2024-06-26,2025-04-04,56.4,True
INV001890,6,2024-01-02,2025-05-29,85.5,True
INV001891,6,2024-02-03,2025-05-30,80.33333333333333,True
INV001892,3,2024-04-17,2025-04-01,116.33333333333333,True
INV001893,5,2024-07-12,2025-04-11,54.6,True
INV001895,1,2024-05-18,2024-05-18,0.0,False
INV001896,4,2024-04-26,2024-12-14,58.0,True
INV001897,3,2024-09-05,2025-02-15,54.333333333333336,True
INV001899,5,2024-01-20,2025-04-18,90.8,True
INV001900,5,2024-07-10,2025-05-06,60.0,True
INV001901,1,2025-05-01,2025-05-01,0.0,False
INV001902,1,2024-01-06,2024-01-06,0.0,False
INV001903,5,2024-01-20,2024-09-26,50.0,True
INV001904,1,2024-06-04,2024-06-04,0.0,False
INV001905,4,2024-07-10,2025-05-08,75.5,True
INV001906,3,2024-09-25,2025-04-07,64.66666666666667,True
INV001908,1,2024-10-28,2024-10-28,0.0,False
INV001909,8,2024-02-21,2025-05-01,54.375,True
INV001910,1,2025-02-11,2025-02-11,0.0,False
INV001911,3,2024-04-22,2024-07-21,30.0,False
INV001912,6,2024-01-16,2025-03-23,72.0,True
INV001913,4,2024-10-08,2025-04-28,50.5,True
INV001914,4,2024-05-03,2025-05-18,95.0,True
INV001915,2,2024-04-25,2024-12-09,114.0,True
INV001916,5,2024-01-08,2025-02-24,82.6,True
INV001917,3,2024-06-15,2024-12-09,59.0,True
INV001918,1,2024-10-20,2024-10-20,0.0,False
INV001919,1,2025-01-16,2025-01-16,0.0,False
INV001920,7,2024-09-02,2025-04-24,33.42857142857143,False
INV001921,8,2024-01-28,2025-05-22,60.0,True
INV001922,5,2024-04-23,2025-04-17,71.8,True
INV001923,7,2024-01-06,2025-05-04,69.14285714285714,True
INV001924,7,2024-01-06,2024-12-26,50.714285714285715,True
INV001925,1,2024-06-15,2024-06-15,0.0,False
INV001926,5,2024-01-14,2025-04-22,92.8,True
INV001927,6,2024-05-22,2025-03-12,49.0,True
INV001928,4,2024-02-17,2025-04-11,104.75,True
INV001929,6,2024-06-26,2025-05-23,55.166666666666664,True
INV001930,3,2024-01-05,2025-05-04,161.66666666666666,True
INV001931,1,2025-03-23,2025-03-23,0.0,False
INV001932,2,2024-03-18,2024-11-22,124.5,True
INV001933,5,2024-02-12,2025-04-18,86.2,True
INV001934,2,2025-01-30,2025-02-20,10.5,False
INV001935,1,2024-10-14,2024-10-14,0.0,False
INV001936,2,2024-10-21,2024-11-23,16.5,False
INV001937,8,2024-03-30,2025-05-27,52.875,True
INV001938,9,2024-04-22,2025-04-01,38.22222222222222,True
INV001939,1,2024-12-01,2024-12-01,0.0,False
INV001940,5,2024-02-22,2025-03-21,78.6,True
INV001942,1,2024-11-16,2024-11-16,0.0,False
INV001943,6,2024-02-26,2025-03-04,62.0,True
INV001944,5,2024-03-29,2025-05-10,81.4,True
INV001945,4,2024-04-11,2024-12-31,66.0,True
INV001946,3,2024-03-13,2024-11-08,80.0,True
INV001947,1,2024-03-30,2024-03-30,0.0,False
INV001948,3,2024-02-09,2025-04-27,147.66666666666666,True
INV001949,1,2024-10-18,2024-10-18,0.0,False
INV001950,7,2024-05-24,2025-05-20,51.57142857142857,True
INV001951,7,2024-04-26,2025-04-14,50.42857142857143,True
INV001952,2,2024-03-18,2025-01-01,144.5,True
INV001954,6,2024-02-06,2025-04-15,72.33333333333333,True
INV001955,6,2024-02-15,2025-03-01,63.333333333333336,True
INV001956,4,2024-02-09,2025-05-30,119.0,True
INV001957,2,2024-11-01,2024-12-12,20.5,False
INV001959,4,2024-09-29,2025-03-16,42.0,True
INV001960,2,2024-09-10,2025-03-14,92.5,True
INV001961,6,2024-01-07,2025-02-27,69.5,True
INV001962,5,2024-02-24,2025-02-05,69.4,True
INV001963,2,2024-04-01,2024-04-28,13.5,False
INV001964,1,2024-09-23,2024-09-23,0.0,False
INV001965,1,2024-07-03,2024-07-03,0.0,False
INV001966,2,2024-05-07,2024-11-14,95.5,True
INV001967,5,2024-11-30,2025-01-12,8.6,False
INV001968,4,2024-06-29,2024-12-31,46.25,True
INV001969,6,2024-01-15,2025-02-14,66.0,True
INV001970,1,2024-02-26,2024-02-26,0.0,False
INV001971,8,2024-04-11,2025-04-29,47.875,True
INV001972,8,2024-01-14,2024-11-06,37.125,True
INV001973,1,2025-05-01,2025-05-01,0.0,False
INV001974,2,2024-08-19,2025-02-13,89.0,True
INV001975,1,2025-03-19,2025-03-19,0.0,False
INV001976,2,2024-06-03,2024-09-11,50.0,True
INV001977,5,2024-02-03,2025-04-12,86.8,True
INV001978,6,2024-03-14,2025-05-04,69.33333333333333,True
INV001979,6,2024-07-28,2025-05-01,46.166666666666664,True
INV001980,3,2024-02-02,2025-04-04,142.33333333333334,True
INV001981,1,2024-07-28,2024-07-28,0.0,False
INV001982,6,2024-03-18,2025-05-21,71.5,True
INV001983,5,2024-01-12,2025-05-07,96.2,True
INV001984,1,2024-07-13,2024-07-13,0.0,False
INV001985,5,2024-02-04,2025-03-14,80.8,True
INV001986,7,2024-07-03,2025-04-15,40.857142857142854,True
INV001987,7,2024-04-08,2025-05-15,57.42857142857143,True
INV001988,1,2024-12-10,2024-12-10,0.0,False
INV001989,3,2024-04-14,2024-10-10,59.666666666666664,True
INV001990,8,2024-06-17,2025-04-30,39.625,True
INV001991,1,2024-08-08,2024-08-08,0.0,False
INV001992,4,2024-01-27,2025-03-08,101.5,True
INV001993,6,2024-02-15,2024-11-24,47.166666666666664,True
INV001994,1,2024-10-14,2024-10-14,0.0,False
INV001995,6,2024-02-18,2024-10-18,40.5,True
INV001996,1,2024-04-18,2024-04-18,0.0,False
INV001997,6,2024-01-04,2025-03-22,73.83333333333333,True
INV001998,5,2024-03-28,2025-04-09,75.4,True
INV001999,4,2024-04-09,2024-10-14,47.0,True
INV002000,5,2024-03-22,2025-02-05,64.0,True
INV002001,6,2024-03-17,2025-05-15,70.66666666666667,True
INV002002,2,2024-11-26,2025-03-15,54.5,True
INV002003,2,2024-02-13,2024-07-14,76.0,True
INV002004,1,2024-07-02,2024-07-02,0.0,False
INV002005,3,2024-06-28,2025-01-31,72.33333333333333,True
INV002006,6,2024-03-19,2025-03-22,61.333333333333336,True
INV002007,3,2024-06-18,2025-02-21,82.66666666666667,True
INV002008,5,2024-03-17,2025-02-24,68.8,True
INV002009,1,2024-06-19,2024-06-19,0.0,False
INV002010,6,2024-01-11,2025-01-18,62.166666666666664,True
INV002011,4,2024-03-28,2025-02-25,83.5,True
INV002012,5,2024-03-27,2025-03-06,68.8,True
INV002013,5,2024-02-16,2025-02-22,74.4,True
INV002014,3,2024-11-25,2025-05-29,61.666666666666664,True
INV002015,2,2024-04-13,2025-05-20,201.0,True
INV002016,3,2024-07-04,2024-12-27,58.666666666666664,True
INV002017,7,2024-04-23,2025-01-16,38.285714285714285,True
INV002018,6,2024-03-24,2025-02-05,53.0,True
INV002019,6,2024-06-02,2025-05-12,57.333333333333336,True
INV002020,1,2024-06-24,2024-06-24,0.0,False
INV002021,2,2024-08-19,2025-05-23,138.5,True
INV002022,4,2024-09-19,2025-05-30,63.25,True
INV002023,2,2024-05-04,2025-01-17,129.0,True
INV002024,1,2024-07-07,2024-07-07,0.0,False
INV002025,7,2024-05-24,2025-04-24,47.857142857142854,True
INV002026,5,2024-03-08,2025-04-12,80.0,True
INV002027,3,2024-04-30,2025-05-30,131.66666666666666,True
INV002028,1,2024-04-26,2024-04-26,0.0,False
INV002029,1,2025-05-24,2025-05-24,0.0,False
INV002030,4,2024-05-10,2025-05-25,95.0,True
INV002031,1,2024-01-21,2024-01-21,0.0,False
INV002032,2,2025-03-07,2025-04-02,13.0,False
INV002033,7,2024-01-04,2024-11-29,47.142857142857146,True
INV002034,8,2024-01-06,2025-05-03,60.375,True
INV002035,3,2024-04-09,2025-05-04,130.0,True
INV002036,5,2024-04-01,2024-07-31,24.2,False
INV002037,6,2024-03-04,2024-08-17,27.666666666666668,False
INV002038,6,2024-01-16,2025-03-11,70.0,True
INV002039,3,2024-01-22,2024-10-28,93.33333333333333,True
INV002040,4,2024-10-11,2025-04-26,49.25,True
INV002041,4,2024-02-22,2024-11-12,66.0,True
INV002042,5,2024-08-18,2025-03-28,44.4,True
INV002043,3,2024-11-18,2025-02-23,32.333333333333336,False
INV002044,2,2024-05-10,2024-10-16,79.5,True
INV002045,5,2024-02-26,2025-05-06,87.0,True
INV002046,1,2024-02-29,2024-02-29,0.0,False
INV002047,4,2024-01-23,2025-03-02,101.0,True
INV002048,1,2025-03-21,2025-03-21,0.0,False
INV002049,4,2024-02-18,2025-03-21,99.25,True
INV002050,3,2024-02-09,2025-02-10,122.33333333333333,True
INV002051,6,2024-03-30,2025-04-27,65.5,True
INV002052,7,2024-02-08,2024-10-30,37.857142857142854,True
INV002053,2,2024-02-18,2024-03-10,10.5,False
INV002054,5,2024-01-01,2024-11-10,62.8,True
INV002055,4,2024-01-21,2025-01-16,90.25,True
INV002056,3,2024-01-04,2025-05-02,161.33333333333334,True
INV002057,1,2025-02-16,2025-02-16,0.0,False
INV002058,1,2024-05-21,2024-05-21,0.0,False
INV002059,2,2024-06-11,2025-03-06,134.0,True
INV002060,5,2024-06-06,2025-04-18,63.2,True
INV002061,4,2024-01-30,2024-12-07,78.0,True
INV002063,2,2024-10-17,2024-12-29,36.5,True
INV002064,1,2024-06-23,2024-06-23,0.0,False
INV002065,4,2024-01-03,2025-05-07,122.5,True
INV002066,3,2024-08-31,2025-05-17,86.33333333333333,True
INV002067,5,2024-05-19,2025-02-19,55.2,True
INV002068,2,2024-08-11,2025-03-20,110.5,True
INV002069,10,2024-01-09,2025-03-12,42.8,True
INV002070,7,2024-01-10,2025-05-12,69.71428571428571,True
INV002071,1,2025-02-14,2025-02-14,0.0,False
INV002072,3,2024-01-31,2024-10-24,89.0,True
INV002073,3,2024-06-14,2025-05-01,107.0,True
INV002074,3,2024-10-24,2025-05-30,72.66666666666667,True
INV002075,5,2024-03-08,2025-02-02,66.2,True
INV002076,1,2024-12-23,2024-12-23,0.0,False
INV002077,5,2024-02-04,2024-08-11,37.8,True
INV002078,2,2024-08-03,2024-09-26,27.0,False
INV002079,3,2024-08-14,2025-02-14,61.333333333333336,True
INV002080,5,2024-01-13,2025-04-28,94.2,True
INV002081,2,2024-12-18,2025-02-03,23.5,False
INV002082,4,2024-10-23,2025-02-02,25.5,False
INV002083,10,2024-02-03,2025-05-13,46.5,True
INV002084,1,2024-07-20,2024-07-20,0.0,False
INV002085,6,2024-02-29,2025-01-19,54.166666666666664,True
INV002087,5,2024-03-29,2025-03-17,70.6,True
INV002088,5,2024-02-02,2025-03-26,83.6,True
INV002089,3,2024-08-27,2025-03-28,71.0,True
INV002090,6,2024-02-11,2025-05-07,75.16666666666667,True
INV002091,1,2024-03-28,2024-03-28,0.0,False
INV002092,7,2024-05-20,2024-12-07,28.714285714285715,False
INV002093,4,2024-04-24,2024-09-14,35.75,True
INV002094,3,2024-04-26,2025-04-17,118.66666666666667,True
INV002095,4,2024-03-17,2025-05-08,104.25,True
INV002096,3,2024-06-12,2025-04-27,106.33333333333333,True
INV002097,1,2024-03-29,2024-03-29,0.0,False
INV002098,4,2024-10-30,2025-04-11,40.75,True
INV002099,4,2025-01-20,2025-05-23,30.75,False
INV002101,6,2024-01-09,2025-02-13,66.83333333333333,True
INV002102,6,2024-06-16,2025-01-26,37.333333333333336,True
INV002103,2,2024-10-25,2024-12-22,29.0,False
INV002104,5,2024-03-18,2025-04-22,80.0,True
INV002106,4,2024-04-02,2025-03-24,89.0,True
INV002107,8,2024-01-09,2025-05-21,62.25,True
INV002108,3,2024-04-08,2025-03-03,109.66666666666667,True
INV002109,1,2024-11-04,2024-11-04,0.0,False
INV002110,4,2024-03-20,2024-11-12,59.25,True
INV002111,8,2024-01-24,2025-04-05,54.625,True
INV002112,5,2024-05-14,2025-05-03,70.8,True
INV002113,4,2024-02-03,2025-02-15,94.5,True
INV002114,1,2025-03-29,2025-03-29,0.0,False
INV002115,4,2024-02-08,2025-05-13,115.0,True
INV002116,4,2024-06-11,2024-10-12,30.75,False
INV002117,5,2024-02-21,2024-10-17,47.8,True
INV002118,1,2024-11-21,2024-11-21,0.0,False
INV002119,6,2024-03-29,2025-04-23,65.0,True
INV002120,3,2024-04-14,2024-11-19,73.0,True
INV002121,7,2024-04-05,2025-05-21,58.714285714285715,True
INV002122,7,2024-09-26,2025-05-26,34.57142857142857,False
INV002123,4,2024-03-13,2025-04-19,100.5,True
INV002124,5,2024-02-14,2025-01-07,65.6,True
INV002125,5,2024-08-07,2025-02-03,36.0,True
INV002126,5,2024-02-12,2025-03-07,77.8,True
INV002127,6,2024-05-18,2025-03-15,50.166666666666664,True
INV002128,3,2024-07-25,2025-05-01,93.33333333333333,True
INV002129,3,2024-03-10,2024-12-08,91.0,True
INV002130,4,2024-03-20,2024-12-12,66.75,True
INV002131,5,2024-01-11,2025-03-12,85.2,True
INV002132,2,2024-12-23,2024-12-25,1.0,False
INV002133,4,2024-02-23,2025-04-17,104.75,True
INV002134,7,2024-01-20,2025-05-30,70.85714285714286,True
INV002135,4,2024-05-20,2025-02-26,70.5,True
INV002136,2,2024-07-31,2025-01-30,91.5,True
INV002137,5,2024-05-28,2025-03-08,56.8,True
INV002138,6,2024-01-22,2025-04-25,76.5,True
INV002139,4,2024-01-19,2025-04-03,110.0,True
INV002140,2,2024-01-11,2024-06-21,81.0,True
INV002141,4,2024-07-13,2025-02-06,52.0,True
INV002142,9,2024-05-01,2025-04-30,40.44444444444444,True
INV002143,8,2024-01-15,2025-04-04,55.625,True
INV002144,3,2024-02-26,2025-02-25,121.66666666666667,True
INV002145,2,2024-12-02,2025-05-20,84.5,True
INV002146,2,2024-10-18,2025-04-11,87.5,True
INV002147,1,2025-05-30,2025-05-30,0.0,False
INV002148,4,2024-02-20,2025-03-14,97.0,True
INV002149,8,2024-05-03,2025-02-23,37.0,True
INV002150,6,2024-03-14,2025-03-17,61.333333333333336,True
INV002151,9,2024-01-16,2025-05-13,53.666666666666664,True
INV002152,4,2024-02-22,2025-05-10,110.75,True
INV002153,7,2024-03-22,2025-05-03,58.142857142857146,True
INV002154,6,2024-01-26,2025-04-17,74.5,True
INV002155,6,2024-04-02,2025-04-27,65.0,True
INV002156,2,2024-04-19,2024-11-01,98.0,True
INV002157,7,2024-02-03,2025-01-19,50.142857142857146,True
INV002158,4,2024-04-07,2024-12-18,63.75,True
INV002159,6,2024-06-18,2025-05-09,54.166666666666664,True
INV002160,1,2024-10-27,2024-10-27,0.0,False
INV002161,2,2024-02-12,2024-08-06,88.0,True
INV002162,9,2024-02-04,2025-05-16,51.888888888888886,True
INV002163,2,2024-03-11,2025-01-11,153.0,True
INV002164,4,2024-05-27,2025-02-24,68.25,True
INV002165,1,2024-01-02,2024-01-02,0.0,False
INV002166,6,2024-01-01,2025-05-11,82.66666666666667,True
INV002167,3,2024-03-31,2024-12-28,90.66666666666667,True
INV002168,3,2024-01-09,2025-05-26,167.66666666666666,True
INV002169,1,2025-01-23,2025-01-23,0.0,False
INV002170,3,2024-01-23,2024-12-07,106.33333333333333,True
INV002171,7,2024-03-08,2025-02-06,47.857142857142854,True
INV002172,3,2024-07-25,2025-05-03,94.0,True
INV002173,2,2024-05-19,2024-10-14,74.0,True
INV002174,4,2024-01-15,2025-03-20,107.5,True
INV002175,1,2024-06-12,2024-06-12,0.0,False
INV002176,5,2024-07-14,2025-05-13,60.6,True
INV002177,7,2024-03-16,2025-05-28,62.57142857142857,True
INV002178,8,2024-02-10,2025-05-20,58.125,True
INV002179,8,2024-02-10,2025-02-23,47.375,True
INV002180,3,2024-03-02,2025-01-04,102.66666666666667,True
INV002181,1,2024-06-29,2024-06-29,0.0,False
INV002182,7,2024-02-19,2025-04-17,60.42857142857143,True
INV002183,3,2024-06-30,2025-04-19,97.66666666666667,True
INV002184,5,2024-02-06,2025-05-23,94.4,True
INV002185,6,2024-03-16,2024-11-13,40.333333333333336,True
INV002186,7,2024-02-05,2025-04-29,64.14285714285714,True
INV002187,7,2024-04-02,2025-05-14,58.142857142857146,True
INV002188,3,2024-04-07,2024-06-06,20.0,False
INV002189,5,2024-06-09,2025-05-14,67.8,True
INV002190,2,2024-04-25,2024-10-17,87.5,True
INV002191,2,2024-03-30,2024-08-02,62.5,True
INV002192,5,2024-02-20,2025-01-05,64.0,True
INV002193,1,2025-04-24,2025-04-24,0.0,False
INV002194,1,2025-01-31,2025-01-31,0.0,False
INV002195,9,2024-03-05,2025-04-03,43.77777777777778,True
INV002196,8,2024-01-02,2025-03-12,54.375,True
INV002197,3,2024-01-31,2024-03-28,19.0,False
INV002198,9,2024-05-08,2025-04-17,38.22222222222222,True
INV002199,7,2024-02-14,2024-12-15,43.57142857142857,True
INV002200,4,2024-03-03,2025-04-25,104.5,True
INV002201,5,2024-01-27,2025-02-16,77.2,True
INV002202,8,2024-01-13,2025-05-20,61.625,True
INV002204,2,2024-07-24,2025-04-30,140.0,True
INV002205,4,2024-03-01,2025-05-01,106.5,True
INV002206,7,2024-02-22,2024-12-12,42.0,True
INV002207,4,2024-02-01,2025-04-13,109.25,True
INV002208,7,2024-01-31,2025-04-03,61.142857142857146,True
INV002209,2,2024-03-10,2024-12-06,135.5,True
INV002211,7,2024-03-28,2025-04-15,54.714285714285715,True
INV002212,3,2024-08-01,2025-03-31,80.66666666666667,True
INV002213,5,2024-06-07,2025-02-10,49.6,True
INV002214,5,2024-07-08,2025-05-23,63.8,True
INV002215,4,2024-06-07,2025-02-13,62.75,True
INV002216,8,2024-03-01,2025-05-07,54.0,True
INV002217,3,2024-01-13,2024-09-04,78.33333333333333,True
INV002218,6,2024-03-31,2025-03-05,56.5,True
INV002219,8,2024-01-04,2025-05-14,62.0,True
INV002220,5,2024-04-20,2024-12-28,50.4,True
INV002222,1,2024-08-11,2024-08-11,0.0,False
INV002223,2,2024-01-09,2025-02-02,195.0,True
INV002224,3,2024-03-05,2024-06-24,37.0,True
INV002225,4,2024-01-05,2024-09-26,66.25,True
INV002226,2,2024-07-23,2024-08-14,11.0,False
INV002227,4,2024-11-01,2025-01-11,17.75,False
INV002228,6,2024-02-24,2025-02-01,57.166666666666664,True
INV002229,6,2024-04-19,2025-03-08,53.833333333333336,True
INV002230,8,2024-03-18,2025-04-25,50.375,True
INV002232,7,2024-01-08,2025-02-26,59.285714285714285,True
INV002233,1,2025-02-10,2025-02-10,0.0,False
INV002234,4,2024-04-10,2025-03-08,83.0,True
INV002235,5,2024-04-01,2025-04-24,77.6,True
INV002236,7,2024-01-16,2025-04-02,63.142857142857146,True
INV002237,7,2024-05-17,2025-03-23,44.285714285714285,True
INV002238,5,2024-01-17,2025-05-03,94.4,True
INV002239,3,2024-01-25,2025-04-22,151.0,True
INV002240,7,2024-02-02,2025-05-14,66.71428571428571,True
INV002241,7,2024-04-19,2025-05-18,56.285714285714285,True
INV002242,4,2024-03-06,2025-03-23,95.5,True
INV002243,3,2024-01-12,2025-04-15,153.0,True
INV002244,5,2024-03-17,2025-04-28,81.4,True
INV002245,4,2024-03-07,2025-03-24,95.5,True
INV002246,1,2024-09-13,2024-09-13,0.0,False
INV002247,2,2024-06-09,2024-07-12,16.5,False
INV002248,5,2024-08-11,2025-03-25,45.2,True
INV002249,5,2024-03-03,2024-12-11,56.6,True
INV002250,5,2024-04-29,2024-10-21,35.0,False
INV002251,6,2024-06-24,2025-05-03,52.166666666666664,True
INV002252,5,2024-02-23,2024-11-22,54.6,True
INV002253,1,2024-05-16,2024-05-16,0.0,False
INV002255,3,2024-05-04,2024-10-08,52.333333333333336,True
INV002256,6,2024-01-14,2025-01-26,63.0,True
INV002257,2,2024-03-20,2024-12-18,136.5,True
INV002258,4,2024-04-03,2025-01-08,70.0,True
INV002259,7,2024-04-27,2025-01-24,38.857142857142854,True
INV002260,6,2024-01-25,2025-02-17,64.83333333333333,True
INV002261,5,2024-06-01,2025-04-25,65.6,True
INV002262,3,2024-01-13,2024-04-21,33.0,False
INV002264,5,2024-05-13,2025-05-25,75.4,True
INV002265,7,2024-05-07,2025-05-21,54.142857142857146,True
INV002266,2,2024-06-23,2025-03-26,138.0,True
INV002267,5,2024-09-15,2025-03-07,34.6,False
INV002268,1,2025-05-11,2025-05-11,0.0,False
INV002269,2,2024-04-14,2025-04-29,190.0,True
INV002270,4,2024-03-06,2025-01-07,76.75,True
INV002271,4,2024-04-05,2024-11-26,58.75,True
INV002272,1,2024-11-07,2024-11-07,0.0,False
INV002273,2,2024-05-23,2024-10-07,68.5,True
INV002274,5,2024-02-24,2025-03-28,79.6,True
INV002275,5,2024-03-15,2025-04-05,77.2,True
INV002276,5,2024-02-05,2025-03-30,83.8,True
INV002277,7,2024-03-05,2025-04-13,57.714285714285715,True
INV002278,2,2024-01-22,2025-05-10,237.0,True
INV002279,2,2024-09-01,2024-12-02,46.0,True
INV002280,7,2024-03-15,2025-05-19,61.42857142857143,True
INV002281,5,2024-01-11,2025-05-08,96.6,True
INV002282,6,2024-05-02,2025-01-23,44.333333333333336,True
INV002283,3,2024-07-08,2025-01-08,61.333333333333336,True
INV002284,6,2024-02-13,2025-04-13,70.83333333333333,True
INV002285,2,2025-01-03,2025-01-09,3.0,False
INV002286,4,2024-03-25,2024-08-30,39.5,True
INV002287,3,2024-03-04,2024-11-10,83.66666666666667,True
INV002288,2,2024-09-10,2024-12-16,48.5,True
INV002290,6,2024-04-28,2025-03-02,51.333333333333336,True
INV002291,3,2024-08-01,2024-11-12,34.333333333333336,False
INV002292,5,2024-03-16,2025-03-16,73.0,True
INV002294,8,2024-04-01,2025-03-08,42.625,True
INV002295,7,2024-02-10,2025-03-03,55.285714285714285,True
INV002296,1,2024-05-22,2024-05-22,0.0,False
INV002297,2,2024-05-10,2025-01-25,130.0,True
INV002298,6,2024-09-30,2025-01-24,19.333333333333332,False
INV002299,2,2024-07-02,2024-09-23,41.5,True
INV002300,4,2024-05-22,2025-05-01,86.0,True
INV002301,1,2025-05-08,2025-05-08,0.0,False
INV002302,4,2024-03-08,2024-08-12,39.25,True
INV002304,10,2024-03-28,2025-04-15,38.3,True
INV002306,5,2024-01-18,2025-04-26,92.8,True
INV002307,5,2024-05-02,2025-04-09,68.4,True
INV002308,5,2024-05-26,2025-03-12,58.0,True
INV002309,2,2024-09-09,2024-09-09,0.0,False
INV002310,2,2024-05-23,2024-08-18,43.5,True
INV002311,2,2024-03-19,2025-02-13,165.5,True
INV002312,4,2024-02-11,2025-02-27,95.5,True
INV002314,2,2024-04-17,2024-10-15,90.5,True
INV002315,7,2024-03-01,2025-05-06,61.57142857142857,True
INV002316,2,2024-01-01,2024-10-27,150.0,True
INV002317,1,2025-01-20,2025-01-20,0.0,False
INV002318,2,2024-04-07,2025-05-25,206.5,True
INV002319,7,2024-01-19,2025-01-13,51.42857142857143,True
INV002320,1,2025-03-11,2025-03-11,0.0,False
INV002321,1,2024-06-02,2024-06-02,0.0,False
INV002322,6,2024-05-28,2025-04-10,52.833333333333336,True
INV002323,5,2024-02-05,2025-01-09,67.8,True
INV002324,4,2024-07-18,2025-01-19,46.25,True
INV002325,2,2024-11-14,2025-03-06,56.0,True
INV002326,5,2024-02-17,2025-04-05,82.6,True
INV002327,6,2024-01-27,2025-02-12,63.666666666666664,True
INV002328,4,2024-01-01,2025-02-15,102.75,True
INV002329,7,2024-01-06,2024-12-13,48.857142857142854,True
INV002330,4,2024-06-26,2024-09-26,23.0,False
INV002332,4,2024-02-22,2025-03-28,100.0,True
INV002333,4,2024-02-07,2024-08-14,47.25,True
INV002334,2,2024-01-26,2024-06-22,74.0,True
INV002335,1,2024-01-10,2024-01-10,0.0,False
INV002336,1,2025-05-08,2025-05-08,0.0,False
INV002337,1,2025-02-07,2025-02-07,0.0,False
INV002338,5,2024-05-04,2025-05-12,74.6,True
INV002339,3,2024-10-14,2025-01-25,34.333333333333336,False
INV002341,4,2024-10-01,2025-03-07,39.25,True
INV002342,6,2024-04-13,2025-04-19,61.833333333333336,True
INV002343,9,2024-01-04,2025-04-10,51.333333333333336,True
INV002344,4,2024-03-13,2024-11-29,65.25,True
INV002345,5,2024-06-23,2025-05-15,65.2,True
INV002346,2,2024-06-21,2024-08-02,21.0,False
INV002347,9,2024-06-10,2025-04-30,36.0,True
INV002348,6,2024-01-30,2025-05-16,78.66666666666667,True
INV002349,6,2024-04-08,2024-12-25,43.5,True
INV002350,4,2024-01-24,2025-05-21,120.75,True
INV002351,6,2024-03-13,2025-04-03,64.33333333333333,True
INV002352,2,2024-10-02,2025-05-29,119.5,True
INV002353,4,2024-06-29,2025-03-10,63.5,True
INV002355,1,2024-10-16,2024-10-16,0.0,False
INV002357,7,2024-01-03,2025-02-16,58.57142857142857,True
INV002358,4,2024-03-15,2024-12-06,66.5,True
INV002360,9,2024-03-05,2025-05-28,49.888888888888886,True
INV002361,6,2024-01-08,2024-10-11,46.166666666666664,True
INV002363,5,2024-03-27,2025-05-28,85.4,True
INV002364,4,2024-09-13,2025-03-16,46.0,True
INV002365,4,2024-02-13,2025-05-20,115.5,True
INV002366,2,2024-05-09,2025-03-23,159.0,True
INV002367,7,2024-05-11,2025-03-22,45.0,True
INV002368,7,2024-04-06,2025-04-08,52.42857142857143,True
INV002369,6,2024-04-02,2025-01-27,50.0,True
INV002370,7,2024-03-10,2025-05-05,60.142857142857146,True
INV002371,1,2024-10-21,2024-10-21,0.0,False
INV002372,6,2024-01-26,2025-05-16,79.33333333333333,True
INV002373,8,2024-01-19,2025-05-24,61.375,True
INV002374,6,2024-10-21,2025-02-04,17.666666666666668,False
INV002375,3,2024-03-21,2024-07-09,36.666666666666664,True
INV002376,1,2025-05-19,2025-05-19,0.0,False
INV002377,3,2024-07-09,2025-03-24,86.0,True
INV002378,4,2024-03-13,2025-02-12,84.0,True
INV002379,3,2024-01-10,2025-03-10,141.66666666666666,True
INV002380,4,2024-05-09,2025-03-12,76.75,True
INV002381,4,2024-03-24,2025-03-15,89.0,True
INV002382,5,2024-05-05,2024-12-11,44.0,True
INV002383,1,2024-03-19,2024-03-19,0.0,False
INV002384,10,2024-06-05,2025-05-23,35.2,True
INV002385,3,2024-02-03,2024-03-20,15.333333333333334,False
INV002386,1,2024-02-01,2024-02-01,0.0,False
INV002387,5,2024-01-01,2025-05-28,102.6,True
INV002388,6,2024-11-27,2025-05-12,27.666666666666668,False
INV002389,10,2024-02-06,2025-05-08,45.7,True
INV002390,6,2024-03-20,2024-11-10,39.166666666666664,True
INV002391,6,2024-05-05,2024-11-22,33.5,False
INV002392,4,2024-07-07,2025-03-15,62.75,True
INV002393,5,2024-05-15,2025-04-02,64.4,True
INV002394,5,2024-08-23,2025-04-27,49.4,True
INV002395,6,2024-01-17,2025-05-16,80.83333333333333,True
INV002396,1,2025-02-13,2025-02-13,0.0,False
INV002397,4,2024-06-17,2025-04-23,77.5,True
INV002399,4,2024-06-20,2025-04-10,73.5,True
INV002400,9,2024-01-04,2025-03-22,49.22222222222222,True
INV002401,8,2024-01-12,2025-03-01,51.75,True
INV002402,7,2024-08-17,2025-05-27,40.42857142857143,True
INV002403,2,2024-01-10,2025-01-16,186.0,True
INV002404,2,2024-04-09,2024-07-09,45.5,True
INV002405,3,2024-03-11,2024-10-20,74.33333333333333,True
INV002406,1,2025-03-27,2025-03-27,0.0,False
INV002407,7,2024-08-02,2025-05-16,41.0,True
INV002408,2,2024-03-16,2024-07-01,53.5,True
INV002409,8,2024-05-04,2025-05-28,48.625,True
INV002410,1,2024-10-26,2024-10-26,0.0,False
INV002411,3,2024-04-17,2025-05-14,130.66666666666666,True
INV002412,5,2024-01-15,2025-01-17,73.6,True
INV002413,8,2024-05-24,2025-05-30,46.375,True
INV002414,4,2024-12-16,2025-04-30,33.75,False
INV002415,8,2024-03-14,2025-04-20,50.25,True
INV002416,4,2024-10-01,2025-04-29,52.5,True
INV002417,7,2024-01-03,2025-05-17,71.42857142857143,True
INV002418,6,2024-01-30,2025-05-02,76.33333333333333,True
INV002419,1,2025-05-17,2025-05-17,0.0,False
INV002420,6,2024-01-15,2025-01-13,60.666666666666664,True
INV002421,1,2025-01-13,2025-01-13,0.0,False
INV002422,10,2024-01-25,2025-04-22,45.3,True
INV002423,3,2024-05-21,2024-11-16,59.666666666666664,True
INV002424,3,2024-04-19,2025-01-09,88.33333333333333,True
INV002425,2,2024-09-26,2025-01-01,48.5,True
INV002426,5,2024-04-18,2025-03-19,67.0,True
INV002427,4,2024-12-18,2025-03-21,23.25,False
INV002428,1,2024-07-21,2024-07-21,0.0,False
INV002429,6,2024-02-16,2025-03-15,65.5,True
INV002430,4,2024-02-04,2024-12-05,76.25,True
INV002431,2,2024-08-23,2025-05-11,130.5,True
INV002432,2,2024-01-01,2024-10-16,144.5,True
INV002433,1,2024-09-21,2024-09-21,0.0,False
INV002434,6,2024-01-13,2025-03-29,73.5,True
INV002435,5,2024-05-13,2025-04-24,69.2,True
INV002436,4,2024-01-04,2025-04-04,114.0,True
INV002437,7,2024-04-25,2025-02-14,42.142857142857146,True
INV002438,1,2025-03-20,2025-03-20,0.0,False
INV002440,3,2024-01-27,2024-10-13,86.66666666666667,True
INV002441,2,2024-01-16,2024-07-26,96.0,True
INV002442,2,2025-02-08,2025-05-08,44.5,True
INV002443,1,2025-05-02,2025-05-02,0.0,False
INV002444,2,2025-02-27,2025-03-15,8.0,False
INV002445,8,2024-02-24,2024-11-17,33.375,False
INV002446,4,2024-02-10,2025-04-04,104.75,True
INV002447,1,2025-03-01,2025-03-01,0.0,False
INV002448,2,2024-08-26,2024-10-30,32.5,False
INV002449,2,2024-01-24,2024-06-20,74.0,True
INV002450,2,2024-04-07,2024-09-12,79.0,True
INV002451,2,2024-07-03,2025-04-01,136.0,True
INV002452,4,2024-04-02,2024-11-04,54.0,True
INV002453,7,2024-03-14,2025-03-27,54.0,True
INV002454,3,2024-04-14,2024-09-02,47.0,True
INV002455,1,2024-05-08,2024-05-08,0.0,False
INV002457,2,2024-07-09,2025-05-05,150.0,True
INV002458,6,2024-04-20,2025-04-17,60.333333333333336,True
INV002459,8,2024-02-03,2025-02-13,47.0,True
INV002460,3,2024-06-15,2025-04-13,100.66666666666667,True
INV002461,4,2024-01-29,2025-04-12,109.75,True
INV002462,1,2025-04-16,2025-04-16,0.0,False
INV002463,6,2024-02-07,2025-05-29,79.5,True
INV002464,6,2024-02-21,2024-08-16,29.5,False
INV002465,2,2025-03-09,2025-04-06,14.0,False
INV002466,7,2024-01-30,2025-05-28,69.14285714285714,True
INV002467,8,2024-01-03,2024-10-01,34.0,False
INV002468,4,2024-03-22,2024-10-22,53.5,True
INV002469,5,2024-03-15,2025-03-27,75.4,True
INV002470,1,2024-07-21,2024-07-21,0.0,False
INV002471,6,2024-01-07,2024-10-15,47.0,True
INV002472,3,2024-01-17,2024-11-18,102.0,True
INV002473,3,2024-05-12,2025-04-28,117.0,True
INV002474,1,2024-09-04,2024-09-04,0.0,False
INV002475,10,2024-03-06,2025-05-27,44.7,True
INV002476,6,2024-01-19,2025-03-24,71.66666666666667,True
INV002477,3,2024-04-13,2024-06-30,26.0,False
INV002478,1,2024-08-20,2024-08-20,0.0,False
INV002479,2,2024-07-09,2025-03-26,130.0,True
INV002481,1,2024-03-12,2024-03-12,0.0,False
INV002483,4,2024-01-25,2024-05-25,30.25,False
INV002484,1,2025-02-07,2025-02-07,0.0,False
INV002485,6,2024-03-25,2025-03-12,58.666666666666664,True
INV002486,5,2024-05-08,2025-02-25,58.6,True
INV002487,2,2024-04-23,2024-06-10,24.0,False
INV002488,4,2024-04-29,2025-04-14,87.5,True
INV002489,2,2024-11-05,2025-03-29,72.0,True
INV002490,8,2024-01-09,2025-05-13,61.25,True
INV002491,2,2024-12-15,2025-01-01,8.5,False
INV002493,3,2024-01-18,2025-04-02,146.66666666666666,True
INV002494,1,2024-03-25,2024-03-25,0.0,False
INV002495,6,2024-01-04,2025-02-18,68.5,True
INV002496,6,2024-08-09,2025-05-01,44.166666666666664,True
INV002497,8,2024-01-13,2025-04-28,58.875,True
INV002498,1,2025-05-27,2025-05-27,0.0,False
INV002499,2,2024-09-21,2025-05-30,125.5,True
INV002500,5,2024-01-20,2025-03-13,83.6,True
INV002502,5,2024-02-08,2025-05-15,92.4,True
INV002503,4,2024-04-24,2024-09-28,39.25,True
INV002504,5,2024-07-09,2025-05-18,62.6,True
INV002505,2,2024-01-07,2025-03-31,224.5,True
INV002506,5,2024-03-05,2025-03-25,77.0,True
INV002507,4,2024-04-07,2025-05-28,104.0,True
INV002508,9,2024-04-06,2025-05-24,45.888888888888886,True
INV002509,10,2024-02-07,2024-12-06,30.3,False
INV002510,7,2024-01-10,2025-01-30,55.142857142857146,True
INV002511,1,2024-03-29,2024-03-29,0.0,False
INV002512,2,2025-03-26,2025-03-29,1.5,False
INV002513,3,2024-09-11,2025-04-12,71.0,True
INV002514,2,2025-02-18,2025-03-01,5.5,False
INV002515,2,2024-12-22,2025-01-15,12.0,False
INV002516,3,2024-11-22,2025-03-14,37.333333333333336,True
INV002517,1,2024-12-11,2024-12-11,0.0,False
INV002518,3,2024-03-26,2025-05-12,137.33333333333334,True
INV002519,1,2024-04-03,2024-04-03,0.0,False
INV002520,4,2024-06-23,2025-04-27,77.0,True
INV002521,6,2024-04-27,2025-05-05,62.166666666666664,True
INV002523,5,2024-05-02,2025-05-17,76.0,True
INV002524,1,2024-12-09,2024-12-09,0.0,False
INV002525,2,2024-04-11,2024-11-30,116.5,True
INV002526,5,2024-06-27,2025-02-27,49.0,True
INV002527,7,2024-01-18,2024-11-11,42.57142857142857,True
INV002528,5,2024-04-18,2025-02-18,61.2,True
INV002529,4,2024-02-15,2025-02-19,92.5,True
INV002530,8,2024-01-05,2025-05-19,62.5,True
INV002531,7,2024-02-01,2025-05-04,65.42857142857143,True
INV002532,3,2024-08-27,2025-04-27,81.0,True
INV002533,5,2024-04-06,2024-11-22,46.0,True
INV002534,2,2024-04-29,2025-04-18,177.0,True
INV002535,3,2024-10-09,2025-01-24,35.666666666666664,True
INV002536,2,2024-03-16,2024-07-27,66.5,True
INV002538,2,2024-09-12,2025-05-20,125.0,True
INV002539,2,2025-01-16,2025-03-22,32.5,False
INV002540,4,2024-02-04,2025-01-07,84.5,True
INV002541,1,2025-03-24,2025-03-24,0.0,False
INV002542,4,2024-06-03,2025-05-19,87.5,True
INV002543,7,2024-02-05,2025-04-28,64.0,True
INV002544,1,2024-08-06,2024-08-06,0.0,False
INV002545,2,2024-03-16,2025-02-12,166.5,True
INV002546,4,2024-04-09,2024-11-25,57.5,True
INV002547,6,2024-02-04,2025-04-24,74.16666666666667,True
INV002548,4,2024-01-06,2025-04-29,119.75,True
INV002549,5,2024-01-08,2025-02-27,83.2,True
INV002550,2,2024-04-19,2024-11-04,99.5,True
INV002551,5,2024-01-16,2025-03-07,83.2,True
INV002552,10,2024-01-10,2025-03-19,43.4,True
INV002553,3,2024-06-10,2025-04-30,108.0,True
INV002554,7,2024-01-04,2024-10-28,42.57142857142857,True
INV002555,7,2024-01-30,2025-04-06,61.714285714285715,True
INV002556,2,2025-01-03,2025-03-13,34.5,False
INV002557,7,2024-03-30,2025-05-07,57.57142857142857,True
INV002558,6,2024-01-23,2025-05-25,81.33333333333333,True
INV002559,1,2025-01-23,2025-01-23,0.0,False
INV002560,6,2024-01-02,2025-04-22,79.33333333333333,True
INV002561,3,2024-09-20,2025-01-27,43.0,True
INV002562,1,2025-01-04,2025-01-04,0.0,False
INV002563,6,2024-01-27,2024-12-21,54.833333333333336,True
INV002564,1,2024-06-18,2024-06-18,0.0,False
INV002565,5,2024-02-26,2025-05-18,89.4,True
INV002566,4,2024-03-23,2025-05-26,107.25,True
INV002567,6,2024-01-05,2025-02-18,68.33333333333333,True
INV002568,8,2024-03-02,2025-05-07,53.875,True
INV002569,1,2024-08-23,2024-08-23,0.0,False
INV002570,7,2024-02-14,2025-02-20,53.142857142857146,True
INV002571,4,2024-01-31,2025-04-22,111.75,True
INV002572,8,2024-04-24,2025-05-19,48.75,True
INV002573,1,2025-02-02,2025-02-02,0.0,False
INV002574,6,2024-01-31,2025-03-03,66.16666666666667,True
INV002575,9,2024-02-18,2025-05-12,49.888888888888886,True
INV002576,4,2024-03-18,2024-12-26,70.75,True
INV002577,3,2024-03-11,2024-07-12,41.0,True
INV002578,2,2024-02-09,2025-04-27,221.5,True
INV002579,6,2024-08-14,2025-03-06,34.0,False
INV002580,4,2024-11-19,2025-05-06,42.0,True
INV002582,6,2024-02-01,2025-02-22,64.5,True
INV002583,3,2024-03-24,2024-11-29,83.33333333333333,True
INV002584,1,2024-01-09,2024-01-09,0.0,False
INV002585,6,2024-03-29,2025-02-17,54.166666666666664,True
INV002586,6,2024-03-13,2025-05-23,72.66666666666667,True
INV002587,2,2024-02-21,2024-12-08,145.5,True
INV002588,3,2024-05-15,2025-02-08,89.66666666666667,True
INV002589,1,2024-07-09,2024-07-09,0.0,False
INV002590,10,2024-01-28,2025-04-24,45.2,True
INV002591,6,2024-06-19,2025-03-07,43.5,True
INV002592,2,2024-11-21,2025-04-19,74.5,True
INV002593,3,2024-10-05,2025-04-04,60.333333333333336,True
INV002594,6,2024-02-07,2025-05-22,78.33333333333333,True
INV002595,3,2025-01-24,2025-03-23,19.333333333333332,False
INV002596,2,2024-04-10,2025-03-01,162.5,True
INV002597,3,2024-04-02,2025-04-23,128.66666666666666,True
INV002598,9,2024-02-21,2025-04-07,45.666666666666664,True
INV002599,5,2024-01-07,2025-03-20,87.6,True
INV002600,2,2024-01-27,2024-05-08,51.0,True
INV002601,2,2024-10-07,2024-11-30,27.0,False
INV002602,8,2024-02-10,2025-05-17,57.75,True
INV002603,1,2025-02-22,2025-02-22,0.0,False
INV002604,5,2024-04-08,2025-05-09,79.2,True
INV002605,2,2024-04-15,2025-05-25,202.5,True
INV002606,6,2024-03-02,2025-05-24,74.66666666666667,True
INV002607,1,2024-10-28,2024-10-28,0.0,False
INV002608,4,2024-04-01,2025-04-15,94.75,True
INV002610,2,2024-01-05,2024-12-04,167.0,True
INV002611,1,2024-09-08,2024-09-08,0.0,False
INV002612,2,2024-11-28,2025-05-09,81.0,True
INV002613,8,2024-02-16,2025-05-16,56.875,True
INV002614,2,2024-04-15,2024-08-01,54.0,True
INV002615,1,2025-04-18,2025-04-18,0.0,False
INV002616,2,2024-06-14,2025-01-23,111.5,True
INV002617,2,2024-05-13,2025-02-12,137.5,True
INV002618,1,2025-02-01,2025-02-01,0.0,False
INV002619,2,2024-08-12,2025-03-19,109.5,True
INV002620,2,2024-03-07,2025-02-15,172.5,True
INV002621,3,2024-01-02,2025-01-01,121.66666666666667,True
INV002622,7,2024-01-29,2025-05-03,65.71428571428571,True
INV002623,1,2025-04-21,2025-04-21,0.0,False
INV002624,1,2024-11-02,2024-11-02,0.0,False
INV002625,4,2024-03-30,2025-02-08,78.75,True
INV002626,4,2024-07-05,2025-04-15,71.0,True
INV002627,6,2024-03-23,2025-05-22,70.83333333333333,True
INV002628,6,2024-02-01,2025-02-20,64.16666666666667,True
INV002629,4,2024-02-15,2025-04-16,106.5,True
INV002630,5,2024-07-13,2025-01-04,35.0,False
INV002631,3,2024-06-05,2025-01-11,73.33333333333333,True
INV002632,8,2024-01-26,2025-04-29,57.375,True
INV002633,5,2024-02-25,2025-01-23,66.6,True
INV002634,2,2024-12-11,2025-01-05,12.5,False
INV002635,3,2024-04-25,2025-01-03,84.33333333333333,True
INV002636,2,2024-07-10,2024-11-05,59.0,True
INV002637,3,2024-02-04,2024-09-22,77.0,True
INV002639,5,2024-09-04,2025-03-04,36.2,True
INV002640,7,2024-01-29,2025-03-24,60.0,True
INV002641,4,2024-07-11,2025-01-20,48.25,True
INV002642,5,2024-01-04,2025-03-12,86.6,True
INV002643,6,2024-02-03,2025-02-08,61.833333333333336,True
INV002645,7,2024-03-16,2024-12-12,38.714285714285715,True
INV002646,1,2025-05-24,2025-05-24,0.0,False
INV002647,4,2024-02-22,2024-11-16,67.0,True
INV002648,5,2024-03-21,2025-05-04,81.8,True
INV002649,2,2024-08-13,2025-02-03,87.0,True
INV002650,2,2024-06-20,2024-07-09,9.5,False
INV002651,1,2024-03-07,2024-03-07,0.0,False
INV002652,5,2024-02-19,2025-03-15,78.0,True
INV002653,1,2024-02-09,2024-02-09,0.0,False
INV002654,8,2024-02-05,2025-04-13,54.125,True
INV002655,2,2025-04-06,2025-04-30,12.0,False
INV002656,5,2024-01-30,2024-08-27,42.0,True
INV002657,3,2024-01-19,2025-04-20,152.33333333333334,True
INV002658,1,2024-12-31,2024-12-31,0.0,False
INV002659,7,2024-03-17,2025-03-26,53.42857142857143,True
INV002660,4,2024-02-09,2024-12-21,79.0,True
INV002661,2,2024-03-23,2024-05-22,30.0,False
INV002662,2,2024-01-27,2024-11-06,142.0,True
INV002664,4,2024-03-26,2025-01-06,71.5,True
INV002666,7,2024-06-06,2025-04-21,45.57142857142857,True
INV002668,5,2024-01-18,2025-02-11,78.0,True
INV002669,2,2024-10-04,2024-12-23,40.0,True
INV002670,2,2024-09-06,2025-04-24,115.0,True
INV002671,7,2024-02-10,2025-05-18,66.14285714285714,True
INV002672,1,2024-08-31,2024-08-31,0.0,False
INV002673,8,2024-02-21,2025-05-21,56.875,True
INV002674,6,2024-02-06,2025-02-19,63.166666666666664,True
INV002675,8,2024-02-05,2025-04-27,55.875,True
INV002676,3,2024-02-28,2024-08-13,55.666666666666664,True
INV002677,1,2025-04-08,2025-04-08,0.0,False
INV002678,1,2025-03-26,2025-03-26,0.0,False
INV002679,4,2024-01-10,2025-04-12,114.5,True
INV002680,3,2024-03-13,2024-08-27,55.666666666666664,True
INV002681,7,2024-01-13,2025-05-29,71.71428571428571,True
INV002682,5,2024-06-27,2025-04-23,60.0,True
INV002683,3,2024-05-22,2024-06-18,9.0,False
INV002684,6,2024-01-28,2025-03-06,67.16666666666667,True
INV002685,3,2024-01-20,2025-05-16,160.66666666666666,True
INV002686,2,2024-10-06,2025-05-30,118.0,True
INV002687,5,2024-03-29,2025-02-12,64.0,True
INV002688,9,2024-06-25,2025-04-17,32.888888888888886,False
INV002689,8,2024-03-10,2025-02-23,43.75,True
INV002690,1,2024-04-21,2024-04-21,0.0,False
INV002691,1,2024-02-02,2024-02-02,0.0,False
INV002692,1,2025-05-25,2025-05-25,0.0,False
INV002693,7,2024-06-06,2025-03-08,39.285714285714285,True
INV002694,2,2024-09-03,2024-10-27,27.0,False
INV002695,1,2025-05-19,2025-05-19,0.0,False
INV002696,5,2024-03-05,2025-05-16,87.4,True
INV002697,7,2024-01-20,2024-12-17,47.42857142857143,True
INV002698,5,2024-04-15,2024-10-29,39.4,True
INV002699,3,2024-03-24,2025-03-23,121.33333333333333,True
INV002700,7,2024-01-10,2025-05-03,68.42857142857143,True
INV002701,3,2024-03-15,2024-11-12,80.66666666666667,True
INV002702,5,2024-03-11,2025-01-23,63.6,True
INV002703,2,2024-08-26,2025-03-16,101.0,True
INV002704,8,2024-03-19,2025-05-07,51.75,True
INV002705,8,2024-04-11,2024-09-16,19.75,False
INV002706,6,2024-03-26,2025-03-29,61.333333333333336,True
INV002707,4,2024-07-18,2025-04-23,69.75,True
INV002708,5,2024-11-03,2025-04-29,35.4,True
INV002709,2,2024-05-11,2024-12-03,103.0,True
INV002710,2,2024-06-26,2024-06-29,1.5,False
INV002711,8,2024-01-26,2025-04-29,57.375,True
INV002712,11,2024-02-06,2025-05-19,42.54545454545455,True
INV002713,2,2024-08-14,2025-01-23,81.0,True
INV002714,2,2024-10-26,2025-04-21,88.5,True
INV002715,1,2024-08-17,2024-08-17,0.0,False
INV002716,5,2024-01-12,2025-05-25,99.8,True
INV002717,2,2024-03-08,2025-03-05,181.0,True
INV002718,5,2024-01-15,2024-09-01,46.0,True
INV002719,2,2024-07-28,2025-01-14,85.0,True
INV002720,3,2024-02-13,2024-12-30,107.0,True
INV002721,1,2024-06-19,2024-06-19,0.0,False
INV002722,6,2024-06-08,2025-04-11,51.166666666666664,True
INV002723,9,2024-07-31,2025-05-29,33.55555555555556,False
INV002724,6,2024-02-15,2025-03-04,63.833333333333336,True
INV002725,3,2024-04-03,2025-05-22,138.0,True
INV002726,8,2024-06-18,2025-05-03,39.875,True
INV002727,4,2024-03-21,2024-10-16,52.25,True
INV002728,1,2024-10-05,2024-10-05,0.0,False
INV002729,1,2024-01-21,2024-01-21,0.0,False
INV002732,8,2024-01-07,2025-05-16,61.875,True
INV002733,8,2024-05-25,2025-05-21,45.125,True
INV002734,4,2024-01-26,2025-03-05,101.0,True
INV002735,7,2024-03-23,2025-05-06,58.42857142857143,True
INV002736,6,2024-01-17,2025-01-04,58.833333333333336,True
INV002737,8,2024-03-30,2025-05-13,51.125,True
INV002738,2,2024-02-28,2024-03-30,15.5,False
INV002739,2,2024-01-09,2024-05-20,66.0,True
INV002740,2,2024-02-11,2025-05-30,237.0,True
INV002741,4,2024-02-29,2025-03-04,92.25,True
INV002742,1,2024-10-05,2024-10-05,0.0,False
INV002743,6,2024-03-14,2025-05-29,73.5,True
INV002744,10,2024-01-31,2025-05-21,47.6,True
INV002745,4,2024-06-30,2025-04-19,73.25,True
INV002746,8,2024-01-14,2025-05-04,59.5,True
INV002747,3,2024-11-04,2025-01-25,27.333333333333332,False
INV002748,4,2024-01-04,2025-01-21,95.75,True
INV002749,1,2025-02-18,2025-02-18,0.0,False
INV002750,6,2024-03-17,2025-03-14,60.333333333333336,True
INV002751,7,2024-05-15,2025-01-19,35.57142857142857,True
INV002752,3,2024-05-08,2024-11-25,67.0,True
INV002753,5,2024-02-02,2024-12-21,64.6,True
INV002754,5,2024-01-08,2025-04-18,93.2,True
INV002755,1,2024-10-29,2024-10-29,0.0,False
INV002756,2,2024-02-18,2025-05-23,230.0,True
INV002757,4,2024-03-22,2025-01-14,74.5,True
INV002758,6,2024-03-17,2025-04-26,67.5,True
INV002759,3,2024-05-15,2024-12-23,74.0,True
INV002760,1,2025-05-25,2025-05-25,0.0,False
INV002761,6,2024-03-01,2025-04-08,67.16666666666667,True
INV002762,5,2024-01-26,2025-01-09,69.8,True
INV002763,2,2024-01-18,2025-03-02,204.5,True
INV002764,4,2024-05-20,2025-03-03,71.75,True
INV002765,4,2024-02-12,2025-05-23,116.5,True
INV002766,6,2024-05-21,2025-05-09,58.833333333333336,True
INV002767,7,2024-06-14,2025-05-12,47.42857142857143,True
INV002768,1,2024-09-27,2024-09-27,0.0,False
INV002769,7,2024-01-23,2025-05-29,70.28571428571429,True
INV002770,3,2024-04-06,2025-05-15,134.66666666666666,True
INV002771,3,2024-02-17,2025-05-05,147.66666666666666,True
INV002772,7,2024-01-09,2025-03-31,63.857142857142854,True
INV002773,2,2024-01-15,2025-02-23,202.5,True
INV002774,5,2024-02-04,2025-05-05,91.2,True
INV002775,3,2024-12-16,2025-03-12,28.666666666666668,False
INV002776,3,2024-01-06,2024-11-22,107.0,True
INV002777,1,2024-05-18,2024-05-18,0.0,False
INV002778,2,2024-06-03,2025-05-19,175.0,True
INV002779,6,2024-06-24,2025-05-11,53.5,True
INV002780,4,2024-05-02,2025-03-10,78.0,True
INV002781,2,2024-10-05,2024-10-26,10.5,False
INV002782,2,2024-07-11,2024-10-24,52.5,True
INV002783,7,2024-05-05,2025-05-24,54.857142857142854,True
INV002784,5,2024-07-22,2025-04-02,50.8,True
INV002785,3,2024-05-24,2024-07-22,19.666666666666668,False
INV002786,7,2024-01-12,2025-04-14,65.42857142857143,True
INV002787,5,2024-04-05,2025-05-07,79.4,True
INV002788,5,2024-05-05,2025-04-23,70.6,True
INV002789,2,2024-06-13,2024-07-18,17.5,False
INV002790,2,2024-08-07,2025-05-18,142.0,True
INV002791,3,2024-05-05,2025-04-01,110.33333333333333,True
INV002792,2,2024-02-27,2024-09-16,101.0,True
INV002793,7,2024-05-30,2025-05-21,50.857142857142854,True
INV002794,7,2024-02-12,2025-01-14,48.142857142857146,True
INV002795,1,2024-04-05,2024-04-05,0.0,False
INV002796,4,2024-01-08,2025-02-22,102.75,True
INV002797,1,2024-04-08,2024-04-08,0.0,False
INV002798,3,2024-01-12,2025-04-04,149.33333333333334,True
INV002799,6,2024-01-27,2025-01-15,59.0,True
INV002800,7,2024-03-12,2025-03-28,54.42857142857143,True
INV002801,4,2024-07-02,2025-02-21,58.5,True
INV002802,2,2024-06-01,2024-08-03,31.5,False
INV002803,7,2024-02-16,2025-03-11,55.57142857142857,True
INV002804,8,2024-03-27,2025-05-20,52.375,True
INV002805,2,2024-06-02,2025-04-30,166.0,True
INV002806,3,2024-01-25,2025-05-08,156.33333333333334,True
INV002807,3,2024-10-27,2025-05-16,67.0,True
INV002808,7,2024-05-04,2025-04-27,51.142857142857146,True
INV002809,6,2024-03-23,2025-05-04,67.83333333333333,True
INV002810,8,2024-06-26,2025-02-07,28.25,False
INV002811,3,2024-01-02,2024-08-19,76.66666666666667,True
INV002813,7,2024-04-30,2025-02-18,42.0,True
INV002814,2,2024-10-06,2025-04-22,99.0,True
INV002815,1,2024-04-16,2024-04-16,0.0,False
INV002816,2,2025-01-15,2025-05-24,64.5,True
INV002817,2,2024-09-16,2025-02-22,79.5,True
INV002818,2,2024-04-02,2025-04-03,183.0,True
INV002819,4,2024-08-30,2024-12-13,26.25,False
INV002820,1,2025-02-26,2025-02-26,0.0,False
INV002822,7,2024-07-02,2025-05-16,45.42857142857143,True
INV002823,2,2024-01-20,2024-12-18,166.5,True
INV002824,7,2024-02-25,2025-05-01,61.57142857142857,True
INV002825,3,2024-03-06,2025-04-25,138.33333333333334,True
INV002826,6,2024-01-20,2024-11-23,51.333333333333336,True
INV002827,6,2024-02-15,2025-02-17,61.333333333333336,True
INV002828,6,2024-02-22,2025-03-28,66.66666666666667,True
INV002829,3,2024-10-09,2025-03-18,53.333333333333336,True
INV002830,5,2024-03-12,2025-05-27,88.2,True
INV002831,6,2024-05-28,2024-12-15,33.5,False
INV002832,4,2024-08-06,2025-02-18,49.0,True
INV002833,2,2024-07-16,2025-05-09,148.5,True
INV002834,3,2024-02-03,2025-02-12,125.0,True
INV002835,7,2024-01-06,2025-05-14,70.57142857142857,True
INV002836,1,2024-03-19,2024-03-19,0.0,False
INV002837,1,2024-12-21,2024-12-21,0.0,False
INV002838,8,2024-03-28,2025-04-29,49.625,True
INV002839,2,2024-09-21,2025-01-13,57.0,True
INV002840,4,2024-10-30,2025-05-09,47.75,True
INV002841,6,2024-09-09,2025-04-14,36.166666666666664,True
INV002842,1,2024-12-20,2024-12-20,0.0,False
INV002843,8,2024-07-18,2025-05-16,37.75,True
INV002845,1,2024-11-26,2024-11-26,0.0,False
INV002846,3,2024-06-09,2025-02-22,86.0,True
INV002847,10,2024-01-03,2025-04-21,47.4,True
INV002848,1,2024-03-07,2024-03-07,0.0,False
INV002849,4,2024-09-17,2025-02-26,40.5,True
INV002850,7,2024-04-13,2025-02-26,45.57142857142857,True
INV002851,3,2024-01-15,2025-05-19,163.33333333333334,True
INV002852,6,2024-03-09,2025-03-23,63.166666666666664,True
INV002853,1,2024-12-26,2024-12-26,0.0,False
INV002854,3,2024-01-10,2025-01-24,126.66666666666667,True
INV002855,3,2024-01-26,2024-09-22,80.0,True
INV002856,4,2024-04-04,2025-04-28,97.25,True
INV002857,1,2024-06-06,2024-06-06,0.0,False
INV002858,2,2024-09-29,2025-03-09,80.5,True
INV002859,7,2024-02-15,2025-05-19,65.57142857142857,True
INV002860,3,2024-04-05,2025-05-03,131.0,True
INV002861,5,2024-01-27,2025-05-26,97.0,True
INV002862,4,2024-01-04,2025-04-06,114.5,True
INV002863,6,2024-01-15,2025-01-21,62.0,True
INV002864,5,2024-03-12,2025-01-22,63.2,True
INV002865,6,2024-04-21,2024-10-24,31.0,False
INV002866,2,2024-11-22,2025-04-19,74.0,True
INV002867,2,2024-12-07,2025-04-11,62.5,True
INV002868,4,2024-01-02,2024-11-02,76.25,True
INV002869,5,2024-08-13,2025-04-05,47.0,True
INV002870,6,2024-01-18,2024-09-15,40.166666666666664,True
INV002871,1,2024-06-27,2024-06-27,0.0,False
INV002872,6,2024-03-19,2025-05-21,71.33333333333333,True
INV002873,6,2024-01-18,2025-05-23,81.83333333333333,True
INV002874,5,2024-01-30,2025-05-26,96.4,True
INV002875,3,2024-05-07,2024-08-31,38.666666666666664,True
INV002876,2,2024-02-17,2025-01-30,174.0,True
INV002877,4,2024-03-20,2024-12-04,64.75,True
INV002878,1,2024-02-08,2024-02-08,0.0,False
INV002879,7,2024-03-20,2025-05-27,61.857142857142854,True
INV002881,6,2024-04-08,2024-11-12,36.333333333333336,True
INV002882,2,2024-07-03,2025-01-10,95.5,True
INV002883,6,2024-01-18,2025-05-12,80.0,True
INV002884,1,2024-04-08,2024-04-08,0.0,False
INV002885,1,2024-02-11,2024-02-11,0.0,False
INV002886,7,2024-01-24,2024-10-16,38.0,True
INV002888,4,2024-07-20,2024-12-27,40.0,True
INV002890,5,2024-04-01,2025-05-11,81.0,True
INV002891,8,2024-01-04,2025-05-27,63.625,True
INV002892,2,2024-09-13,2025-04-10,104.5,True
INV002893,9,2024-01-01,2025-02-04,44.44444444444444,True
INV002894,2,2024-06-19,2024-06-30,5.5,False
INV002895,5,2024-05-01,2025-05-19,76.6,True
INV002896,4,2024-09-16,2025-04-16,53.0,True
INV002897,5,2024-05-14,2025-04-20,68.2,True
INV002898,3,2024-06-01,2024-09-25,38.666666666666664,True
INV002899,3,2024-02-11,2025-05-04,149.33333333333334,True
INV002900,6,2024-05-20,2025-04-06,53.5,True
INV002901,3,2024-02-03,2024-08-09,62.666666666666664,True
INV002902,2,2025-02-13,2025-03-20,17.5,False
INV002903,6,2024-02-04,2025-04-27,74.66666666666667,True
INV002904,7,2024-06-25,2025-04-17,42.285714285714285,True
INV002905,6,2024-03-03,2025-03-03,60.833333333333336,True
INV002906,6,2024-06-23,2025-01-15,34.333333333333336,False
INV002907,1,2024-08-07,2024-08-07,0.0,False
INV002908,3,2024-06-04,2024-11-11,53.333333333333336,True
INV002909,7,2024-01-13,2025-05-21,70.57142857142857,True
INV002910,2,2024-04-11,2025-04-13,183.5,True
INV002911,3,2024-01-15,2024-09-12,80.33333333333333,True
INV002912,6,2024-01-22,2025-05-21,80.83333333333333,True
INV002913,7,2024-02-08,2025-04-25,63.142857142857146,True
INV002914,2,2025-01-06,2025-01-10,2.0,False
INV002915,8,2024-03-02,2025-02-10,43.125,True
INV002917,4,2024-04-03,2025-05-05,99.25,True
INV002919,1,2024-06-18,2024-06-18,0.0,False
INV002920,2,2024-04-25,2024-08-02,49.5,True
INV002921,7,2024-04-28,2025-03-14,45.714285714285715,True
INV002922,1,2024-05-05,2024-05-05,0.0,False
INV002923,2,2024-05-17,2024-12-23,110.0,True
INV002924,5,2024-10-24,2025-03-01,25.6,False
INV002925,2,2024-06-15,2025-01-27,113.0,True
INV002926,4,2024-01-30,2025-04-17,110.75,True
INV002927,8,2024-08-01,2025-05-10,35.25,True
INV002928,2,2024-10-27,2024-11-03,3.5,False
INV002929,2,2024-03-11,2025-05-30,222.5,True
INV002930,4,2024-04-05,2025-01-16,71.5,True
INV002931,5,2024-03-07,2025-05-08,85.4,True
INV002932,4,2024-01-08,2024-09-27,65.75,True
INV002933,5,2024-11-16,2025-05-07,34.4,False
INV002934,4,2024-05-06,2025-03-14,78.0,True
INV002935,7,2024-05-08,2025-02-20,41.142857142857146,True
INV002936,1,2024-02-11,2024-02-11,0.0,False
INV002937,7,2024-02-15,2025-03-24,57.57142857142857,True
INV002939,7,2024-04-23,2025-04-21,51.857142857142854,True
INV002940,3,2024-01-02,2025-03-24,149.0,True
INV002941,5,2024-01-20,2024-10-02,51.2,True
INV002942,9,2024-01-14,2025-04-02,49.333333333333336,True
INV002943,5,2024-07-21,2025-04-27,56.0,True
INV002944,3,2024-06-10,2025-02-27,87.33333333333333,True
INV002945,8,2024-01-27,2025-04-26,56.875,True
INV002946,3,2024-04-24,2024-12-23,81.0,True
INV002947,7,2024-01-05,2025-01-24,55.0,True
INV002948,2,2024-05-20,2025-05-20,182.5,True
INV002949,4,2024-06-04,2025-04-11,77.75,True
INV002950,8,2024-05-21,2025-04-07,40.125,True
INV002951,7,2024-03-03,2025-01-08,44.42857142857143,True
INV002952,2,2024-04-16,2024-08-31,68.5,True
INV002953,4,2024-01-24,2024-09-01,55.25,True
INV002954,4,2024-04-11,2024-12-17,62.5,True
INV002955,1,2024-03-09,2024-03-09,0.0,False
INV002956,4,2024-02-08,2025-04-29,111.5,True
INV002957,5,2024-02-14,2025-05-18,91.8,True
INV002958,1,2024-04-07,2024-04-07,0.0,False
INV002959,2,2024-05-01,2024-08-13,52.0,True
INV002960,1,2024-01-04,2024-01-04,0.0,False
INV002961,7,2024-01-02,2025-05-24,72.57142857142857,True
INV002962,1,2024-05-21,2024-05-21,0.0,False
INV002963,2,2024-07-18,2024-08-14,13.5,False
INV002964,5,2024-03-23,2025-02-01,63.0,True
INV002966,5,2024-01-01,2025-01-16,76.2,True
INV002967,3,2024-01-22,2025-04-10,148.0,True
INV002968,5,2024-02-22,2025-01-10,64.6,True
INV002969,3,2024-07-07,2024-09-14,23.0,False
INV002970,1,2024-03-12,2024-03-12,0.0,False
INV002971,2,2024-07-06,2025-01-20,99.0,True
INV002972,1,2024-01-26,2024-01-26,0.0,False
INV002973,4,2024-07-18,2025-02-08,51.25,True
INV002974,7,2024-05-13,2025-03-17,44.0,True
INV002975,3,2024-02-29,2024-06-12,34.666666666666664,False
INV002976,1,2024-05-23,2024-05-23,0.0,False
INV002977,4,2024-03-18,2025-05-16,106.0,True
INV002978,3,2024-04-30,2025-05-25,130.0,True
INV002979,4,2024-01-29,2025-02-19,96.75,True
INV002980,5,2024-04-21,2025-03-28,68.2,True
INV002982,4,2024-04-12,2024-12-26,64.5,True
INV002983,1,2025-02-21,2025-02-21,0.0,False
INV002984,6,2024-01-24,2025-04-23,75.83333333333333,True
INV002985,3,2024-06-14,2024-10-16,41.333333333333336,True
INV002986,2,2024-01-13,2025-05-12,242.5,True
INV002988,1,2025-04-12,2025-04-12,0.0,False
INV002989,6,2024-02-15,2025-04-23,72.16666666666667,True
INV002990,1,2024-10-12,2024-10-12,0.0,False
INV002991,2,2024-07-06,2025-05-30,164.0,True
INV002992,3,2024-09-29,2025-03-12,54.666666666666664,True
INV002993,4,2024-02-08,2025-04-19,109.0,True
INV002994,7,2024-05-13,2025-04-27,49.857142857142854,True
INV002995,1,2025-04-28,2025-04-28,0.0,False
INV002996,5,2024-04-24,2025-02-18,60.0,True
INV002997,5,2024-02-27,2025-03-17,76.8,True
INV002998,2,2024-07-27,2024-08-02,3.0,False
INV002999,1,2024-09-06,2024-09-06,0.0,False
INV003000,7,2024-03-13,2025-04-19,57.42857142857143,True
INV003001,1,2024-06-28,2024-06-28,0.0,False
INV003002,5,2024-02-14,2025-03-02,76.4,True
INV003003,9,2024-02-04,2025-05-15,51.77777777777778,True
INV003004,5,2024-01-27,2025-05-09,93.6,True
INV003005,8,2024-02-28,2025-03-06,46.5,True
INV003006,1,2025-03-07,2025-03-07,0.0,False
INV003007,9,2024-05-05,2025-05-26,42.888888888888886,True
INV003008,3,2024-06-13,2025-05-27,116.0,True
INV003009,9,2024-06-16,2025-04-17,33.888888888888886,False
INV003010,5,2024-02-07,2025-05-14,92.4,True
INV003011,7,2024-02-09,2025-02-28,55.0,True
INV003012,5,2024-06-02,2025-01-21,46.6,True
INV003013,1,2025-03-07,2025-03-07,0.0,False
INV003014,6,2024-04-09,2025-05-26,68.66666666666667,True
INV003015,7,2024-06-27,2025-05-21,46.857142857142854,True
INV003016,3,2024-01-18,2024-06-08,47.333333333333336,True
INV003017,5,2024-03-04,2025-05-17,87.8,True
INV003018,6,2024-03-13,2024-11-14,41.0,True
INV003019,1,2025-03-22,2025-03-22,0.0,False
INV003020,2,2024-03-28,2024-10-22,104.0,True
INV003021,5,2024-01-19,2025-05-15,96.4,True
INV003022,6,2024-03-22,2025-03-05,58.0,True
INV003023,4,2024-01-20,2025-01-03,87.25,True
INV003024,6,2024-09-24,2025-05-03,36.833333333333336,True
INV003025,8,2024-02-18,2024-10-22,30.875,False
INV003026,1,2024-08-24,2024-08-24,0.0,False
INV003027,4,2024-06-23,2025-01-19,52.5,True
INV003028,6,2024-01-02,2025-04-03,76.16666666666667,True
INV003029,1,2025-03-01,2025-03-01,0.0,False
INV003031,3,2024-03-14,2024-06-24,34.0,False
INV003032,2,2024-08-22,2025-05-09,130.0,True
INV003033,5,2024-04-06,2025-05-10,79.8,True
INV003034,6,2024-05-07,2025-05-09,61.166666666666664,True
INV003035,1,2024-10-07,2024-10-07,0.0,False
INV003036,8,2024-04-16,2025-05-25,50.5,True
INV003037,7,2024-02-08,2025-05-30,68.14285714285714,True
INV003038,2,2024-07-22,2024-10-13,41.5,True
INV003039,1,2024-07-30,2024-07-30,0.0,False
INV003040,6,2024-01-06,2025-01-10,61.666666666666664,True
INV003041,5,2024-02-10,2025-05-28,94.6,True
INV003042,2,2024-02-23,2024-09-01,95.5,True
INV003043,7,2024-01-30,2025-04-17,63.285714285714285,True
INV003044,7,2024-02-24,2025-04-26,61.0,True
INV003045,6,2024-03-07,2024-09-04,30.166666666666668,False
INV003046,2,2024-06-10,2024-07-19,19.5,False
INV003047,8,2024-01-20,2025-05-25,61.375,True
INV003048,5,2024-11-04,2025-03-31,29.4,False
INV003049,4,2024-05-14,2025-05-28,94.75,True
INV003051,3,2024-03-31,2024-08-23,48.333333333333336,True
INV003052,2,2024-02-05,2024-07-12,79.0,True
INV003053,2,2024-05-05,2024-12-07,108.0,True
INV003054,7,2024-01-01,2025-04-17,67.42857142857143,True
INV003055,5,2024-02-07,2025-05-02,90.0,True
INV003057,5,2024-07-22,2025-05-09,58.2,True
INV003058,5,2024-01-17,2024-12-25,68.6,True
INV003059,3,2024-03-21,2025-03-04,116.0,True
INV003060,7,2024-01-06,2025-04-24,67.71428571428571,True
INV003061,5,2024-05-20,2025-03-12,59.2,True
INV003062,1,2024-09-17,2024-09-17,0.0,False
INV003063,7,2024-01-05,2024-12-17,49.57142857142857,True
INV003064,2,2024-07-18,2024-11-29,67.0,True
INV003065,5,2024-03-25,2025-02-06,63.6,True
INV003066,2,2024-01-16,2024-05-18,61.5,True
INV003067,2,2024-09-12,2025-02-08,74.5,True
INV003068,3,2024-03-09,2025-03-14,123.33333333333333,True
INV003069,5,2024-06-09,2025-04-28,64.6,True
INV003070,9,2024-01-06,2025-03-17,48.44444444444444,True
INV003071,1,2025-02-25,2025-02-25,0.0,False
INV003072,1,2024-01-05,2024-01-05,0.0,False
INV003073,5,2024-07-30,2025-05-27,60.2,True
INV003074,6,2024-02-23,2025-03-03,62.333333333333336,True
INV003075,8,2024-01-05,2025-02-10,50.25,True
INV003076,1,2024-08-13,2024-08-13,0.0,False
INV003077,5,2024-02-07,2025-04-27,89.0,True
INV003078,7,2024-02-12,2025-04-02,59.285714285714285,True
INV003079,4,2024-02-12,2025-01-18,85.25,True
INV003080,3,2024-03-13,2024-07-25,44.666666666666664,True
INV003081,2,2024-07-09,2024-12-06,75.0,True
INV003082,8,2024-03-16,2025-02-04,40.625,True
INV003083,6,2024-01-25,2024-12-22,55.333333333333336,True
INV003084,3,2024-03-29,2025-03-04,113.33333333333333,True
INV003086,4,2024-02-13,2024-12-09,75.0,True
INV003087,2,2024-09-12,2024-12-27,53.0,True
INV003088,1,2024-12-27,2024-12-27,0.0,False
INV003089,6,2024-01-23,2024-12-13,54.166666666666664,True
INV003090,4,2024-09-21,2025-03-12,43.0,True
INV003091,9,2024-03-12,2025-04-23,45.22222222222222,True
INV003092,2,2024-03-20,2024-09-23,93.5,True
INV003093,1,2025-02-28,2025-02-28,0.0,False
INV003094,1,2025-02-21,2025-02-21,0.0,False
INV003095,6,2024-03-03,2025-05-10,72.16666666666667,True
INV003096,1,2025-05-22,2025-05-22,0.0,False
INV003097,8,2024-01-06,2025-03-20,54.875,True
INV003098,3,2024-03-12,2025-05-09,141.0,True
INV003099,3,2024-03-09,2025-03-28,128.0,True
INV003100,5,2024-03-21,2024-07-26,25.4,False
INV003101,3,2024-03-27,2024-12-06,84.66666666666667,True
INV003102,5,2024-02-08,2025-01-07,66.8,True
INV003103,5,2024-01-12,2025-01-11,73.0,True
INV003104,1,2024-11-29,2024-11-29,0.0,False
INV003105,7,2024-02-16,2025-03-15,56.142857142857146,True
INV003107,1,2025-02-21,2025-02-21,0.0,False
INV003108,3,2024-01-27,2025-04-28,152.33333333333334,True
INV003109,2,2024-09-15,2024-12-24,50.0,True
INV003110,5,2024-04-01,2025-02-21,65.2,True
INV003111,5,2024-04-14,2025-04-30,76.2,True
INV003112,6,2024-01-22,2025-04-24,76.33333333333333,True
INV003113,8,2024-01-20,2025-05-02,58.5,True
INV003115,6,2024-05-01,2024-12-27,40.0,True
INV003116,4,2024-04-04,2024-11-28,59.5,True
INV003117,8,2024-02-10,2025-05-21,58.25,True
INV003118,1,2024-12-05,2024-12-05,0.0,False
INV003119,4,2024-08-21,2025-03-26,54.25,True
INV003120,2,2024-07-06,2025-02-01,105.0,True
INV003121,4,2024-07-24,2024-12-02,32.75,False
INV003122,1,2024-12-02,2024-12-02,0.0,False
INV003123,5,2024-01-20,2025-02-12,77.8,True
INV003124,5,2024-03-27,2024-12-07,51.0,True
INV003125,4,2024-06-12,2025-03-09,67.5,True
INV003127,1,2025-03-15,2025-03-15,0.0,False
INV003128,3,2024-11-25,2025-03-10,35.0,False
INV003129,2,2024-08-15,2024-10-05,25.5,False
INV003130,3,2024-08-25,2025-03-25,70.66666666666667,True
INV003131,1,2024-08-09,2024-08-09,0.0,False
INV003132,4,2024-02-06,2025-05-27,119.0,True
INV003133,1,2024-08-24,2024-08-24,0.0,False
INV003134,7,2024-02-10,2025-05-16,65.85714285714286,True
INV003136,2,2024-12-04,2025-03-31,58.5,True
INV003137,2,2024-09-02,2025-04-22,116.0,True
INV003138,1,2024-11-06,2024-11-06,0.0,False
INV003139,7,2024-03-21,2025-02-15,47.285714285714285,True
INV003140,8,2024-03-11,2025-04-14,49.875,True
INV003141,7,2024-02-13,2025-03-24,57.857142857142854,True
INV003142,3,2024-01-28,2024-10-05,83.66666666666667,True
INV003143,1,2024-07-15,2024-07-15,0.0,False
INV003144,7,2024-01-11,2025-05-20,70.71428571428571,True
INV003145,2,2024-12-23,2025-01-24,16.0,False
INV003146,9,2024-02-01,2025-05-22,52.888888888888886,True
INV003147,3,2024-02-27,2025-04-11,136.33333333333334,True
INV003149,2,2024-11-19,2025-02-04,38.5,True
INV003150,4,2024-01-29,2025-02-10,94.5,True
INV003151,6,2024-04-11,2025-05-21,67.5,True
INV003153,7,2024-02-14,2024-10-15,34.857142857142854,False
INV003154,2,2024-02-16,2024-10-11,119.0,True
INV003155,1,2024-05-25,2024-05-25,0.0,False
INV003156,1,2024-08-19,2024-08-19,0.0,False
INV003157,3,2024-03-23,2024-11-13,78.33333333333333,True
INV003158,9,2024-01-27,2025-04-16,49.44444444444444,True
INV003159,3,2024-02-23,2024-12-31,104.0,True
INV003160,4,2024-03-07,2025-05-19,109.5,True
INV003161,6,2024-03-09,2025-03-31,64.5,True
INV003162,1,2024-02-20,2024-02-20,0.0,False
INV003163,1,2024-01-31,2024-01-31,0.0,False
INV003164,3,2024-07-04,2025-05-20,106.66666666666667,True
INV003165,5,2024-01-29,2025-05-20,95.4,True
INV003166,4,2024-01-15,2025-02-13,98.75,True
INV003167,5,2024-01-11,2024-12-10,66.8,True
INV003168,5,2024-01-11,2025-04-29,94.8,True
INV003169,6,2024-05-16,2025-03-25,52.166666666666664,True
INV003171,4,2024-01-05,2024-04-26,28.0,False
INV003172,1,2024-08-12,2024-08-12,0.0,False
INV003173,5,2024-01-26,2025-05-04,92.8,True
INV003174,2,2024-03-13,2024-04-03,10.5,False
INV003175,1,2024-11-08,2024-11-08,0.0,False
INV003176,5,2024-02-17,2025-02-25,74.8,True
INV003177,1,2025-05-30,2025-05-30,0.0,False
INV003178,6,2024-02-18,2024-11-26,47.0,True
INV003179,9,2024-01-25,2025-04-19,50.0,True
INV003180,1,2025-03-15,2025-03-15,0.0,False
INV003181,2,2024-01-11,2024-09-09,121.0,True
INV003182,3,2024-03-23,2025-01-19,100.66666666666667,True
INV003183,3,2024-04-19,2024-12-24,83.0,True
INV003184,4,2024-02-17,2024-11-26,70.75,True
INV003185,6,2024-05-24,2025-04-15,54.333333333333336,True
INV003186,1,2024-08-23,2024-08-23,0.0,False
INV003187,9,2024-02-01,2025-05-12,51.77777777777778,True
INV003188,4,2024-03-17,2025-04-05,96.0,True
INV003189,9,2024-02-02,2025-04-18,49.0,True
INV003190,4,2024-02-12,2024-11-14,69.0,True
INV003191,6,2024-03-17,2025-04-05,64.0,True
INV003192,5,2024-07-15,2025-05-09,59.6,True
INV003193,6,2024-01-05,2025-05-02,80.5,True
INV003194,4,2024-03-23,2025-04-25,99.5,True
INV003195,2,2024-01-31,2024-04-08,34.0,False
INV003196,7,2024-01-04,2025-04-30,68.85714285714286,True
INV003197,2,2024-08-04,2024-08-12,4.0,False
INV003198,3,2024-01-05,2024-12-03,111.0,True
INV003199,1,2024-08-07,2024-08-07,0.0,False
INV003200,5,2024-07-29,2025-05-22,59.4,True
INV003201,5,2024-02-13,2025-03-06,77.4,True
INV003202,5,2024-04-08,2025-04-12,73.8,True
INV003203,5,2024-02-25,2024-05-26,18.2,False
INV003204,2,2024-02-20,2024-04-15,27.5,False
INV003205,7,2024-03-12,2025-04-22,58.0,True
INV003206,5,2024-02-04,2025-05-17,93.6,True
INV003207,3,2024-02-25,2024-07-10,45.333333333333336,True
INV003208,5,2024-01-02,2025-05-01,97.0,True
INV003209,5,2024-02-24,2025-03-20,78.0,True
INV003210,6,2024-01-12,2025-01-07,60.166666666666664,True
INV003211,7,2024-02-19,2025-04-08,59.142857142857146,True
INV003212,3,2024-01-22,2024-10-27,93.0,True
INV003213,3,2024-03-18,2025-02-24,114.33333333333333,True
INV003214,6,2024-03-19,2025-01-12,49.833333333333336,True
INV003215,7,2024-01-19,2025-01-18,52.142857142857146,True
INV003216,2,2024-04-15,2025-04-02,176.0,True
INV003217,1,2024-10-02,2024-10-02,0.0,False
INV003218,5,2024-01-11,2025-03-08,84.4,True
INV003219,6,2024-02-27,2024-12-09,47.666666666666664,True
INV003220,5,2024-01-29,2024-10-06,50.2,True
INV003221,7,2024-01-17,2025-01-18,52.42857142857143,True
INV003222,7,2024-01-12,2025-05-15,69.85714285714286,True
INV003223,8,2024-01-25,2025-05-13,59.25,True
INV003224,4,2024-01-22,2024-11-24,76.75,True
INV003225,5,2024-01-02,2025-04-18,94.4,True
INV003226,4,2024-07-07,2025-05-13,77.5,True
INV003227,5,2024-01-17,2025-05-25,98.8,True
INV003228,7,2024-02-02,2025-03-29,60.142857142857146,True
INV003229,1,2025-02-21,2025-02-21,0.0,False
INV003230,7,2024-02-19,2025-03-30,57.857142857142854,True
INV003231,7,2024-01-17,2025-05-29,71.14285714285714,True
INV003232,5,2024-01-02,2025-01-25,77.8,True
INV003233,2,2024-03-21,2024-09-06,84.5,True
INV003234,6,2024-01-19,2025-05-16,80.5,True
INV003235,2,2024-01-26,2024-11-13,146.0,True
INV003236,9,2024-01-18,2025-03-02,45.44444444444444,True
INV003237,4,2024-04-17,2025-04-03,87.75,True
INV003238,3,2024-02-08,2024-10-19,84.66666666666667,True
INV003239,5,2024-03-07,2025-04-01,78.0,True
INV003240,5,2024-01-04,2025-02-14,81.4,True
INV003241,2,2024-05-14,2024-06-06,11.5,False
INV003242,7,2024-05-05,2025-05-06,52.285714285714285,True
INV003243,5,2024-05-31,2025-03-10,56.6,True
INV003244,5,2024-03-24,2025-02-10,64.6,True
INV003245,4,2024-03-13,2025-02-26,87.5,True
INV003246,2,2024-07-05,2025-01-26,102.5,True
INV003247,6,2024-03-30,2025-05-27,70.5,True
INV003248,5,2024-01-29,2025-05-14,94.2,True
INV003249,3,2024-01-29,2025-05-10,155.66666666666666,True
INV003250,5,2024-02-23,2025-05-17,89.8,True
INV003251,1,2024-09-29,2024-09-29,0.0,False
INV003252,6,2024-05-05,2025-04-08,56.333333333333336,True
INV003253,4,2024-07-06,2025-05-02,75.0,True
INV003254,5,2024-06-23,2024-12-25,37.0,True
INV003255,1,2024-04-02,2024-04-02,0.0,False
INV003256,7,2024-07-25,2025-05-27,43.714285714285715,True
INV003257,6,2024-07-25,2025-05-30,51.5,True
INV003258,5,2024-06-16,2025-05-24,68.4,True
INV003259,2,2024-11-17,2025-05-02,83.0,True
INV003260,6,2024-02-15,2025-05-07,74.5,True
INV003261,3,2024-02-17,2025-02-04,117.66666666666667,True
INV003262,6,2024-01-13,2025-03-14,71.0,True
INV003263,5,2024-01-10,2025-05-11,97.4,True
INV003264,5,2024-05-30,2025-02-19,53.0,True
INV003265,3,2024-07-24,2025-05-27,102.33333333333333,True
INV003267,6,2024-01-10,2025-01-16,62.0,True
INV003269,4,2024-08-09,2025-05-15,69.75,True
INV003270,3,2024-08-26,2024-10-18,17.666666666666668,False
INV003271,7,2024-02-09,2025-02-10,52.42857142857143,True
INV003272,3,2024-04-10,2025-02-10,102.0,True
INV003273,8,2024-03-17,2025-05-12,52.625,True
INV003274,1,2025-04-19,2025-04-19,0.0,False
INV003275,2,2024-03-12,2025-05-15,214.5,True
INV003276,3,2024-05-28,2025-01-25,80.66666666666667,True
INV003277,8,2024-05-19,2025-05-30,47.0,True
INV003278,1,2024-08-03,2024-08-03,0.0,False
INV003279,9,2024-01-07,2025-05-28,56.333333333333336,True
INV003280,4,2024-06-08,2025-01-27,58.25,True
INV003281,1,2024-05-26,2024-05-26,0.0,False
INV003282,2,2024-11-15,2025-05-09,87.5,True
INV003283,2,2024-02-27,2024-09-22,104.0,True
INV003284,1,2025-02-16,2025-02-16,0.0,False
INV003285,2,2024-09-21,2025-01-20,60.5,True
INV003286,1,2024-04-09,2024-04-09,0.0,False
INV003287,5,2024-05-13,2025-05-23,75.0,True
INV003288,3,2024-01-21,2025-03-02,135.33333333333334,True
INV003289,7,2024-02-15,2025-03-10,55.57142857142857,True
INV003290,1,2025-02-10,2025-02-10,0.0,False
INV003291,5,2024-01-19,2025-01-27,74.8,True
INV003292,2,2025-01-13,2025-02-20,19.0,False
INV003293,1,2025-02-09,2025-02-09,0.0,False
INV003294,3,2024-09-04,2025-01-20,46.0,True
INV003295,4,2024-04-06,2025-03-29,89.25,True
INV003296,2,2024-09-18,2025-02-17,76.0,True
INV003297,5,2024-06-12,2025-05-04,65.2,True
INV003298,5,2024-02-21,2024-12-16,59.8,True
INV003299,1,2024-11-24,2024-11-24,0.0,False
INV003300,6,2024-04-25,2025-03-15,54.0,True
INV003301,9,2024-01-25,2025-05-14,52.77777777777778,True
INV003302,4,2024-03-02,2024-11-22,66.25,True
INV003303,2,2024-02-08,2024-10-16,125.5,True
INV003304,10,2024-01-14,2025-02-15,39.8,True
INV003305,4,2024-09-06,2025-02-07,38.5,True
INV003306,4,2024-02-22,2025-05-30,115.75,True
INV003307,2,2024-04-12,2025-02-26,160.0,True
INV003308,9,2024-02-19,2025-05-18,50.44444444444444,True
INV003309,4,2024-04-03,2025-03-04,83.75,True
INV003310,6,2024-02-26,2025-04-05,67.33333333333333,True
INV003311,9,2024-04-09,2025-04-28,42.666666666666664,True
INV003312,2,2024-01-10,2025-05-06,241.0,True
INV003313,4,2024-07-06,2024-09-21,19.25,False
INV003314,7,2024-02-15,2025-05-01,63.0,True
INV003315,2,2024-05-14,2025-05-07,179.0,True
INV003316,2,2024-02-26,2024-05-09,36.5,True
INV003317,8,2024-04-02,2025-02-05,38.625,True
INV003318,1,2024-05-09,2024-05-09,0.0,False
INV003319,3,2024-01-07,2024-11-07,101.66666666666667,True
INV003320,8,2024-04-06,2025-02-17,39.625,True
INV003321,5,2024-01-10,2024-09-04,47.6,True
INV003322,2,2024-01-07,2024-12-09,168.5,True
INV003324,2,2024-01-30,2025-05-13,234.5,True
INV003325,6,2024-01-07,2025-05-26,84.16666666666667,True
INV003326,2,2024-01-03,2024-12-03,167.5,True
INV003328,3,2024-01-10,2025-02-21,136.0,True
INV003329,6,2024-01-17,2025-04-06,74.16666666666667,True
INV003330,2,2024-07-02,2025-02-16,114.5,True
INV003331,3,2024-03-19,2025-04-04,127.0,True
INV003332,5,2024-03-22,2025-03-06,69.8,True
INV003333,1,2024-12-27,2024-12-27,0.0,False
INV003334,2,2024-05-27,2024-06-22,13.0,False
INV003335,3,2024-03-16,2025-01-17,102.33333333333333,True
INV003336,7,2024-02-24,2025-05-03,62.0,True
INV003337,2,2024-08-28,2024-12-23,58.5,True
INV003338,9,2024-05-21,2025-03-17,33.333333333333336,False
INV003339,1,2024-05-26,2024-05-26,0.0,False
INV003340,4,2024-04-19,2025-04-26,93.0,True
INV003341,5,2024-11-22,2025-05-25,36.8,True
INV003342,5,2024-06-12,2024-12-28,39.8,True
INV003343,4,2024-04-26,2025-04-26,91.25,True
INV003344,6,2024-02-10,2025-04-18,72.16666666666667,True
INV003345,4,2024-05-22,2025-04-28,85.25,True
INV003346,4,2024-02-19,2024-07-02,33.5,False
INV003347,4,2024-05-21,2025-03-01,71.0,True
INV003348,2,2024-05-16,2025-04-04,161.5,True
INV003349,2,2024-04-18,2025-01-29,143.0,True
INV003350,6,2024-02-14,2025-05-21,77.0,True
INV003351,6,2024-07-15,2025-04-11,45.0,True
INV003352,8,2024-01-11,2025-05-02,59.625,True
INV003353,2,2024-04-08,2024-04-22,7.0,False
INV003354,5,2024-01-14,2025-03-24,87.0,True
INV003355,4,2024-02-18,2025-03-20,99.0,True
INV003356,2,2025-02-01,2025-05-16,52.0,True
INV003357,6,2024-05-17,2025-03-25,52.0,True
INV003358,1,2024-05-09,2024-05-09,0.0,False
INV003359,2,2024-03-19,2024-06-10,41.5,True
INV003360,8,2024-03-14,2025-05-04,52.0,True
INV003361,2,2024-02-15,2025-01-25,172.5,True
INV003362,2,2025-01-17,2025-02-20,17.0,False
INV003363,5,2024-02-20,2025-02-25,74.2,True
INV003364,1,2025-01-16,2025-01-16,0.0,False
INV003365,1,2025-05-01,2025-05-01,0.0,False
INV003366,5,2024-03-27,2025-02-09,63.8,True
INV003368,1,2025-01-25,2025-01-25,0.0,False
INV003369,1,2024-02-13,2024-02-13,0.0,False
INV003370,7,2024-03-13,2025-03-28,54.285714285714285,True
INV003371,1,2025-05-11,2025-05-11,0.0,False
INV003372,6,2024-03-04,2024-12-26,49.5,True
INV003373,2,2024-04-24,2025-01-12,131.5,True
INV003374,7,2024-06-11,2025-05-16,48.42857142857143,True
INV003375,8,2024-04-30,2025-05-04,46.125,True
INV003376,6,2024-03-21,2025-05-24,71.5,True
INV003377,2,2024-08-12,2025-03-03,101.5,True
INV003379,7,2024-01-03,2025-03-29,64.42857142857143,True
INV003380,6,2024-03-02,2025-02-27,60.333333333333336,True
INV003381,4,2024-03-18,2025-03-10,89.25,True
INV003382,6,2024-07-13,2024-12-31,28.5,False
INV003383,3,2024-01-19,2025-03-02,136.0,True
INV003384,1,2024-06-28,2024-06-28,0.0,False
INV003385,1,2024-01-10,2024-01-10,0.0,False
INV003386,1,2024-01-25,2024-01-25,0.0,False
INV003387,4,2024-08-30,2025-05-21,66.0,True
INV003388,4,2024-02-09,2025-03-07,98.0,True
INV003389,2,2024-07-08,2024-09-15,34.5,False
INV003390,2,2024-05-02,2025-05-19,191.0,True
INV003391,6,2024-06-06,2025-03-16,47.166666666666664,True
INV003392,2,2024-10-30,2025-03-05,63.0,True
INV003393,8,2024-03-02,2025-05-22,55.75,True
INV003394,3,2024-01-04,2025-02-28,140.33333333333334,True
INV003395,6,2024-03-08,2025-04-07,65.83333333333333,True
INV003396,5,2024-01-21,2025-05-29,98.8,True
INV003397,2,2024-07-05,2024-10-26,56.5,True
INV003398,8,2024-02-27,2025-03-21,48.5,True
INV003399,3,2024-01-31,2024-11-11,95.0,True
INV003400,2,2024-08-18,2024-10-01,22.0,False
INV003401,3,2024-07-03,2024-09-23,27.333333333333332,False
INV003402,4,2024-04-23,2024-07-23,22.75,False
INV003403,6,2024-02-01,2024-11-10,47.166666666666664,True
INV003404,8,2024-03-01,2025-02-16,44.0,True
INV003405,8,2024-07-02,2025-04-15,35.875,True
INV003406,8,2024-02-02,2025-03-21,51.625,True
INV003407,8,2024-03-03,2025-04-09,50.25,True
INV003408,4,2024-06-14,2025-01-07,51.75,True
INV003409,5,2024-03-25,2024-12-08,51.6,True
INV003410,5,2024-01-04,2025-03-30,90.2,True
INV003411,5,2024-01-07,2025-03-08,85.2,True
INV003412,2,2025-03-30,2025-04-23,12.0,False
INV003413,1,2025-03-29,2025-03-29,0.0,False
INV003414,2,2024-01-04,2025-02-12,202.5,True
INV003415,5,2024-01-20,2024-12-09,64.8,True
INV003416,1,2024-04-30,2024-04-30,0.0,False
INV003417,2,2024-03-05,2024-04-09,17.5,False
INV003418,3,2024-06-15,2025-02-27,85.66666666666667,True
INV003419,5,2024-08-13,2025-04-20,50.0,True
INV003420,5,2024-01-01,2025-02-04,80.0,True
INV003421,3,2025-01-23,2025-03-11,15.666666666666666,False
INV003422,7,2024-01-07,2025-05-29,72.57142857142857,True
INV003423,4,2024-01-11,2025-03-05,104.75,True
INV003424,7,2024-02-16,2025-04-30,62.714285714285715,True
INV003425,4,2024-03-06,2024-12-21,72.5,True
INV003426,4,2024-03-04,2024-09-23,50.75,True
INV003427,6,2024-02-05,2025-04-01,70.16666666666667,True
INV003428,4,2024-04-16,2025-01-29,72.0,True
INV003429,5,2024-04-13,2025-05-27,81.8,True
INV003430,6,2024-05-27,2025-05-29,61.166666666666664,True
INV003431,6,2024-07-01,2025-03-15,42.833333333333336,True
INV003432,7,2024-02-16,2025-02-18,52.57142857142857,True
INV003433,2,2024-07-09,2024-09-23,38.0,True
INV003434,1,2024-03-25,2024-03-25,0.0,False
INV003435,7,2024-02-13,2025-05-01,63.285714285714285,True
INV003436,5,2024-01-01,2025-01-19,76.8,True
INV003437,6,2024-02-06,2025-05-07,76.0,True
INV003438,4,2024-02-12,2025-04-29,110.5,True
INV003439,3,2024-01-20,2024-03-03,14.333333333333334,False
INV003440,1,2024-10-14,2024-10-14,0.0,False
INV003441,2,2024-10-29,2025-03-11,66.5,True
INV003442,2,2024-10-31,2025-02-04,48.0,True
INV003443,3,2024-10-07,2025-05-18,74.33333333333333,True
INV003444,4,2024-03-05,2025-03-06,91.5,True
INV003445,2,2024-03-20,2025-03-27,186.0,True
INV003446,2,2024-10-01,2025-04-04,92.5,True
INV003447,1,2024-07-06,2024-07-06,0.0,False
INV003448,7,2024-02-04,2025-04-26,63.857142857142854,True
INV003449,2,2024-02-20,2024-06-01,51.0,True
INV003450,10,2024-02-29,2025-05-03,42.9,True
INV003451,5,2024-02-27,2025-05-01,85.8,True
INV003452,5,2024-09-14,2025-01-20,25.6,False
INV003453,2,2024-06-02,2025-04-08,155.0,True
INV003454,3,2024-01-12,2024-05-07,38.666666666666664,True
INV003455,7,2024-05-17,2024-12-16,30.428571428571427,False
INV003456,2,2024-07-08,2025-01-08,92.0,True
INV003457,7,2024-04-13,2025-04-11,51.857142857142854,True
INV003458,8,2024-02-06,2025-05-26,59.375,True
INV003459,6,2024-07-08,2025-05-01,49.5,True
INV003460,4,2024-08-16,2025-04-01,57.0,True
INV003461,2,2025-02-16,2025-05-10,41.5,True
INV003462,5,2024-03-05,2025-05-12,86.6,True
INV003463,3,2024-10-10,2025-05-17,73.0,True
INV003464,3,2024-02-10,2024-12-26,106.66666666666667,True
INV003467,3,2024-06-22,2025-02-01,74.66666666666667,True
INV003468,3,2024-02-17,2025-05-30,156.0,True
INV003469,3,2024-04-12,2024-12-12,81.33333333333333,True
INV003470,3,2024-05-18,2025-05-03,116.66666666666667,True
INV003471,3,2024-08-12,2024-09-11,10.0,False
INV003472,1,2025-05-06,2025-05-06,0.0,False
INV003473,6,2024-01-08,2025-05-01,79.83333333333333,True
INV003474,1,2025-03-23,2025-03-23,0.0,False
INV003475,9,2024-01-14,2025-04-06,49.77777777777778,True
INV003476,1,2025-01-23,2025-01-23,0.0,False
INV003477,4,2024-02-05,2025-03-06,98.75,True
INV003478,9,2024-01-27,2025-04-24,50.333333333333336,True
INV003479,8,2024-02-08,2025-05-13,57.5,True
INV003480,6,2024-01-18,2025-03-05,68.66666666666667,True
INV003481,1,2024-04-10,2024-04-10,0.0,False
INV003482,1,2024-07-04,2024-07-04,0.0,False
INV003483,2,2024-05-13,2024-11-01,86.0,True
INV003484,6,2024-02-10,2025-02-13,61.5,True
INV003485,4,2024-08-31,2025-05-26,67.0,True
INV003487,6,2024-02-29,2025-02-16,58.833333333333336,True
INV003488,2,2024-02-06,2025-05-15,232.0,True
INV003489,1,2024-01-04,2024-01-04,0.0,False
INV003490,2,2024-08-24,2025-03-03,95.5,True
INV003491,9,2024-02-12,2025-05-30,52.55555555555556,True
INV003492,6,2024-02-10,2025-05-09,75.66666666666667,True
INV003493,2,2024-11-14,2025-03-01,53.5,True
INV003494,4,2024-02-12,2025-01-12,83.75,True
INV003495,10,2024-02-03,2025-04-21,44.3,True
INV003496,4,2024-04-24,2025-04-22,90.75,True
INV003498,1,2025-02-18,2025-02-18,0.0,False
INV003499,2,2024-02-03,2024-11-15,143.0,True
INV003500,3,2024-01-04,2025-04-18,156.66666666666666,True
INV003501,3,2024-05-30,2024-12-20,68.0,True
INV003502,1,2025-05-12,2025-05-12,0.0,False
INV003503,3,2024-09-26,2025-05-29,81.66666666666667,True
INV003504,1,2024-04-22,2024-04-22,0.0,False
INV003505,2,2024-08-31,2024-12-08,49.5,True
INV003506,7,2024-04-18,2025-05-25,57.42857142857143,True
INV003507,4,2024-09-16,2025-05-23,62.25,True
INV003508,1,2024-12-31,2024-12-31,0.0,False
INV003509,9,2024-01-20,2025-05-21,54.111111111111114,True
INV003510,3,2024-08-23,2025-01-08,46.0,True
INV003511,8,2024-01-19,2025-04-22,57.375,True
INV003513,5,2024-01-31,2024-11-01,55.0,True
INV003514,6,2024-03-09,2025-03-15,61.833333333333336,True
INV003515,4,2024-03-06,2024-06-12,24.5,False
INV003516,2,2024-05-19,2025-04-08,162.0,True
INV003517,2,2024-02-03,2024-07-16,82.0,True
INV003518,6,2024-04-22,2025-03-27,56.5,True
INV003519,3,2024-10-06,2025-04-01,59.0,True
INV003520,4,2024-01-31,2025-03-11,101.25,True
INV003521,6,2024-02-28,2025-05-18,74.16666666666667,True
INV003522,1,2024-05-18,2024-05-18,0.0,False
INV003523,2,2024-12-03,2025-02-07,33.0,False
INV003524,7,2024-02-18,2025-03-09,55.0,True
INV003525,5,2024-04-02,2025-05-01,78.8,True
INV003526,6,2024-01-30,2025-04-15,73.5,True
INV003527,4,2024-05-02,2025-04-08,85.25,True
INV003528,9,2024-01-23,2025-05-06,52.111111111111114,True
INV003529,4,2024-03-08,2024-06-14,24.5,False
INV003530,6,2024-09-13,2025-05-26,42.5,True
INV003531,6,2024-01-17,2025-02-02,63.666666666666664,True
INV003532,5,2024-01-30,2025-05-15,94.2,True
INV003533,5,2024-02-12,2025-03-12,78.8,True
INV003534,8,2024-03-30,2025-04-03,46.125,True
INV003535,3,2024-07-15,2025-02-13,71.0,True
INV003536,3,2024-01-08,2024-07-11,61.666666666666664,True
INV003537,5,2024-03-11,2025-03-10,72.8,True
INV003538,1,2024-10-27,2024-10-27,0.0,False
INV003539,3,2024-01-21,2024-09-06,76.33333333333333,True
INV003540,2,2024-03-17,2024-05-12,28.0,False
INV003541,4,2024-07-28,2025-03-04,54.75,True
INV003542,1,2024-07-11,2024-07-11,0.0,False
INV003543,5,2024-02-20,2025-04-01,81.2,True
INV003544,2,2024-01-09,2024-10-05,135.0,True
INV003545,6,2024-01-27,2025-04-21,75.0,True
INV003546,4,2024-01-30,2025-01-06,85.5,True
INV003547,1,2024-03-01,2024-03-01,0.0,False
INV003548,3,2024-02-18,2024-05-03,25.0,False
INV003549,2,2024-06-10,2025-04-01,147.5,True
INV003550,1,2024-09-25,2024-09-25,0.0,False
INV003552,3,2024-04-21,2025-02-10,98.33333333333333,True
INV003553,5,2024-02-03,2025-01-14,69.2,True
INV003554,5,2024-03-26,2025-03-13,70.4,True
INV003555,3,2024-03-29,2024-06-27,30.0,False
INV003556,6,2024-04-19,2025-05-12,64.66666666666667,True
INV003557,6,2024-04-03,2025-03-01,55.333333333333336,True
INV003558,7,2024-03-10,2024-10-31,33.57142857142857,False
INV003559,10,2024-01-25,2025-04-04,43.5,True
INV003560,3,2024-04-07,2025-03-30,119.0,True
INV003561,4,2024-02-21,2025-03-23,99.0,True
INV003562,7,2024-01-31,2025-05-28,69.0,True
INV003563,4,2024-02-23,2024-11-14,66.25,True
INV003564,8,2024-01-06,2025-05-17,62.125,True
INV003565,5,2024-01-20,2025-04-03,87.8,True
INV003566,2,2024-02-19,2024-11-21,138.0,True
INV003567,4,2024-01-28,2024-11-24,75.25,True
INV003568,5,2024-02-12,2024-11-27,57.8,True
INV003569,5,2024-06-10,2025-04-30,64.8,True
INV003570,3,2024-03-25,2025-04-03,124.66666666666667,True
INV003571,3,2024-01-03,2024-06-24,57.666666666666664,True
INV003572,3,2024-05-24,2025-05-22,121.0,True
INV003573,5,2024-02-25,2024-06-10,21.2,False
INV003574,3,2024-05-06,2025-05-21,126.66666666666667,True
INV003575,4,2024-02-04,2025-02-17,94.75,True
INV003576,2,2024-11-01,2025-01-10,35.0,False
INV003577,5,2024-03-11,2025-02-11,67.4,True
INV003578,3,2024-06-02,2025-01-13,75.0,True
INV003579,4,2024-07-15,2024-11-19,31.75,False
INV003580,7,2024-02-09,2025-04-17,61.857142857142854,True
INV003581,8,2024-06-03,2025-05-28,44.875,True
INV003582,7,2024-06-17,2025-04-09,42.285714285714285,True
INV003583,5,2024-04-02,2025-05-25,83.6,True
INV003584,1,2024-09-03,2024-09-03,0.0,False
INV003585,1,2024-05-03,2024-05-03,0.0,False
INV003586,8,2024-04-20,2025-05-05,47.5,True
INV003587,4,2024-07-05,2025-03-28,66.5,True
INV003588,3,2024-09-24,2024-10-24,10.0,False
INV003589,3,2024-06-20,2025-05-28,114.0,True
INV003590,4,2024-05-03,2025-04-16,87.0,True
INV003591,1,2024-03-28,2024-03-28,0.0,False
INV003592,6,2024-02-06,2025-02-18,63.0,True
INV003593,6,2024-02-12,2025-03-09,65.16666666666667,True
INV003594,4,2024-03-23,2025-02-27,85.25,True
INV003595,2,2024-08-12,2025-04-04,117.5,True
INV003597,3,2024-05-29,2025-04-11,105.66666666666667,True
INV003598,8,2024-01-15,2025-05-05,59.5,True
INV003599,6,2024-01-24,2024-09-30,41.666666666666664,True
INV003600,5,2024-03-13,2025-05-12,85.0,True
INV003601,9,2024-05-18,2025-05-15,40.22222222222222,True
INV003602,3,2024-01-11,2025-05-12,162.33333333333334,True
INV003603,3,2024-02-26,2025-01-25,111.33333333333333,True
INV003604,6,2024-01-15,2025-04-10,75.16666666666667,True
INV003605,2,2024-02-07,2024-09-18,112.0,True
INV003607,6,2024-05-15,2025-05-02,58.666666666666664,True
INV003608,3,2024-03-31,2024-11-24,79.33333333333333,True
INV003609,4,2024-01-03,2025-03-29,112.75,True
INV003610,1,2024-02-27,2024-02-27,0.0,False
INV003611,7,2024-04-01,2025-05-19,59.0,True
INV003612,4,2024-04-21,2024-12-06,57.25,True
INV003613,8,2024-01-28,2025-05-14,59.0,True
INV003614,5,2024-02-10,2025-05-21,93.2,True
INV003615,2,2024-06-16,2024-09-16,46.0,True
INV003616,5,2024-03-19,2025-01-20,61.4,True
INV003617,4,2024-09-19,2025-03-19,45.25,True
INV003618,1,2024-10-12,2024-10-12,0.0,False
INV003619,6,2024-05-14,2025-05-09,60.0,True
INV003620,5,2024-01-14,2025-04-21,92.6,True
INV003621,1,2025-03-31,2025-03-31,0.0,False
INV003622,1,2024-03-25,2024-03-25,0.0,False
INV003624,2,2024-09-27,2025-02-26,76.0,True
INV003625,6,2024-05-19,2025-03-27,52.0,True
INV003626,5,2024-05-11,2025-03-27,64.0,True
INV003627,7,2024-05-25,2025-05-15,50.714285714285715,True
INV003628,2,2024-12-14,2025-01-26,21.5,False
INV003629,1,2025-02-07,2025-02-07,0.0,False
INV003630,7,2024-04-14,2025-02-20,44.57142857142857,True
INV003631,1,2025-01-12,2025-01-12,0.0,False
INV003632,2,2024-09-03,2024-12-25,56.5,True
INV003633,6,2024-03-26,2025-04-24,65.66666666666667,True
INV003634,6,2024-02-15,2024-10-11,39.833333333333336,True
INV003635,10,2024-01-28,2025-03-27,42.4,True
INV003636,3,2024-01-06,2025-04-25,158.33333333333334,True
INV003637,5,2024-05-11,2025-05-18,74.4,True
INV003638,5,2024-04-09,2024-12-26,52.2,True
INV003639,5,2024-05-26,2025-04-26,67.0,True
INV003640,3,2024-02-29,2024-09-01,61.666666666666664,True
INV003641,8,2024-01-05,2025-04-18,58.625,True
INV003642,7,2024-01-24,2024-12-08,45.57142857142857,True
INV003643,5,2024-03-07,2025-05-24,88.6,True
INV003644,3,2024-06-24,2024-12-13,57.333333333333336,True
INV003645,6,2024-01-29,2025-05-19,79.33333333333333,True
INV003646,1,2025-02-07,2025-02-07,0.0,False
INV003647,4,2024-03-12,2024-06-18,24.5,False
INV003648,3,2024-03-27,2025-01-27,102.0,True
INV003649,6,2024-01-22,2025-05-20,80.66666666666667,True
INV003650,11,2024-02-24,2025-01-28,30.818181818181817,False
INV003651,4,2024-04-17,2024-11-04,50.25,True
INV003652,3,2024-01-13,2024-04-22,33.333333333333336,False
INV003653,2,2024-04-19,2024-09-25,79.5,True
INV003654,7,2024-05-29,2025-05-27,51.857142857142854,True
INV003655,10,2024-02-13,2025-05-06,44.8,True
INV003656,4,2024-02-27,2024-11-19,66.5,True
INV003657,1,2025-03-20,2025-03-20,0.0,False
INV003658,8,2024-01-02,2025-05-11,61.875,True
INV003659,2,2024-12-05,2025-02-12,34.5,False
INV003660,6,2024-02-16,2025-03-17,65.83333333333333,True
INV003661,4,2024-04-12,2025-05-06,97.25,True
INV003662,1,2024-01-19,2024-01-19,0.0,False
INV003663,2,2024-07-13,2024-09-20,34.5,False
INV003664,4,2024-01-01,2025-05-27,128.0,True
INV003665,4,2024-02-19,2025-04-11,104.25,True
INV003666,5,2024-01-27,2025-01-02,68.2,True
INV003667,1,2024-05-02,2024-05-02,0.0,False
INV003668,2,2024-09-20,2025-04-10,101.0,True
INV003669,7,2024-05-25,2025-04-11,45.857142857142854,True
INV003670,8,2024-01-01,2025-05-11,62.0,True
INV003671,3,2024-01-30,2024-11-21,98.66666666666667,True
INV003672,6,2024-02-24,2025-03-16,64.33333333333333,True
INV003673,8,2024-01-16,2025-05-12,60.25,True
INV003674,4,2024-05-12,2025-01-02,58.75,True
INV003675,4,2024-01-21,2024-08-05,49.25,True
INV003676,2,2024-07-08,2024-08-21,22.0,False
INV003677,4,2024-03-19,2025-03-10,89.0,True
INV003678,6,2024-11-15,2025-04-28,27.333333333333332,False
INV003680,3,2024-05-27,2025-04-03,103.66666666666667,True
INV003681,9,2024-03-10,2025-04-22,45.333333333333336,True
INV003682,2,2025-02-07,2025-05-05,43.5,True
INV003683,6,2024-01-11,2025-04-17,77.0,True
INV003684,6,2024-01-25,2025-05-30,81.83333333333333,True
INV003685,6,2024-04-19,2025-05-25,66.83333333333333,True
INV003686,6,2024-01-26,2025-05-23,80.5,True
INV003687,1,2024-02-16,2024-02-16,0.0,False
INV003688,1,2024-10-16,2024-10-16,0.0,False
INV003689,1,2024-04-13,2024-04-13,0.0,False
INV003690,2,2024-08-15,2025-02-24,96.5,True
INV003691,2,2024-01-06,2024-11-08,153.5,True
INV003692,3,2024-03-30,2024-05-24,18.333333333333332,False
INV003693,7,2024-01-17,2025-03-20,61.142857142857146,True
INV003694,4,2024-02-23,2025-01-07,79.75,True
INV003695,7,2024-07-13,2025-05-19,44.285714285714285,True
INV003696,6,2024-04-14,2025-04-28,63.166666666666664,True
INV003697,7,2024-02-13,2025-05-18,65.71428571428571,True
INV003698,4,2024-01-13,2025-02-27,102.75,True
INV003699,3,2024-10-08,2025-03-22,55.0,True
INV003700,3,2024-03-26,2024-10-12,66.66666666666667,True
INV003701,1,2024-09-14,2024-09-14,0.0,False
INV003702,7,2024-01-13,2025-03-24,62.285714285714285,True
INV003703,3,2024-07-13,2025-01-29,66.66666666666667,True
INV003704,1,2025-01-28,2025-01-28,0.0,False
INV003705,6,2024-01-04,2025-02-01,65.66666666666667,True
INV003706,1,2025-01-08,2025-01-08,0.0,False
INV003707,6,2024-01-04,2024-12-12,57.166666666666664,True
INV003708,7,2024-04-27,2025-04-25,51.857142857142854,True
INV003709,6,2024-04-22,2025-05-28,66.83333333333333,True
INV003710,6,2024-01-31,2025-02-27,65.5,True
INV003711,6,2024-01-28,2025-01-23,60.166666666666664,True
INV003712,6,2024-04-07,2025-05-10,66.33333333333333,True
INV003713,7,2024-01-08,2025-05-11,69.85714285714286,True
INV003714,1,2024-07-13,2024-07-13,0.0,False
INV003716,5,2024-01-28,2025-01-11,69.8,True
INV003717,3,2024-04-03,2025-04-30,130.66666666666666,True
INV003718,6,2024-02-20,2025-05-22,76.16666666666667,True
INV003719,3,2024-05-30,2024-10-19,47.333333333333336,True
INV003720,6,2024-03-09,2025-03-17,62.166666666666664,True
INV003721,2,2024-02-21,2025-02-15,180.0,True
INV003722,7,2024-05-21,2025-03-21,43.42857142857143,True
INV003723,6,2024-02-23,2024-12-28,51.5,True
INV003724,7,2024-01-30,2025-03-13,58.285714285714285,True
INV003725,3,2024-02-18,2025-04-21,142.66666666666666,True
INV003726,4,2024-04-08,2025-01-14,70.25,True
INV003727,2,2024-03-17,2025-04-07,193.0,True
INV003728,2,2024-08-07,2024-08-11,2.0,False
INV003729,1,2025-03-24,2025-03-24,0.0,False
INV003730,2,2024-06-07,2025-01-16,111.5,True
INV003731,4,2024-02-11,2025-04-09,105.75,True
INV003732,5,2024-01-15,2025-02-23,81.0,True
INV003733,6,2024-01-12,2025-03-31,74.0,True
INV003734,8,2024-02-19,2025-04-07,51.625,True
INV003735,8,2024-03-29,2025-02-13,40.125,True
INV003736,7,2024-01-11,2025-04-18,66.14285714285714,True
INV003737,5,2024-01-27,2025-03-17,83.0,True
INV003738,6,2024-08-25,2025-05-05,42.166666666666664,True
INV003739,4,2024-06-05,2024-10-16,33.25,False
INV003740,7,2024-04-05,2025-02-10,44.42857142857143,True
INV003741,7,2024-01-18,2025-02-27,58.0,True
INV003742,2,2024-01-11,2024-06-09,75.0,True
INV003743,4,2024-04-07,2024-11-22,57.25,True
INV003744,6,2024-03-13,2025-05-21,72.33333333333333,True
INV003745,6,2024-04-07,2025-03-24,58.5,True
INV003747,5,2024-05-07,2025-05-22,76.0,True
INV003748,8,2024-02-05,2025-03-04,49.125,True
INV003749,3,2024-06-22,2024-10-21,40.333333333333336,True
INV003750,5,2024-02-12,2025-05-11,90.8,True
INV003751,5,2024-02-21,2025-03-28,80.2,True
INV003752,2,2024-06-17,2024-11-09,72.5,True
INV003753,2,2024-11-18,2025-04-01,67.0,True
INV003755,4,2024-01-22,2024-11-05,72.0,True
INV003756,4,2024-02-13,2025-04-03,103.75,True
INV003757,7,2024-01-17,2025-05-22,70.14285714285714,True
INV003758,4,2024-05-15,2025-03-01,72.5,True
INV003759,1,2024-03-21,2024-03-21,0.0,False
INV003760,2,2024-10-21,2025-05-09,100.0,True
INV003761,8,2024-04-02,2025-03-31,45.375,True
INV003762,4,2024-05-03,2025-01-08,62.5,True
INV003763,2,2024-05-31,2024-11-15,84.0,True
INV003764,1,2024-08-24,2024-08-24,0.0,False
INV003765,5,2024-02-05,2025-05-21,94.2,True
INV003766,8,2024-02-21,2025-05-23,57.125,True
INV003767,9,2024-01-19,2025-02-02,42.22222222222222,True
INV003768,2,2024-06-28,2025-05-17,161.5,True
INV003769,4,2025-04-03,2025-05-01,7.0,False
INV003770,1,2025-05-19,2025-05-19,0.0,False
INV003771,10,2024-01-12,2025-04-13,45.7,True
INV003772,9,2024-03-19,2024-12-20,30.666666666666668,False
INV003773,3,2024-05-12,2024-12-10,70.66666666666667,True
INV003774,1,2024-06-13,2024-06-13,0.0,False
INV003775,6,2024-04-28,2025-05-03,61.666666666666664,True
INV003776,1,2024-01-20,2024-01-20,0.0,False
INV003777,1,2024-05-29,2024-05-29,0.0,False
INV003778,5,2024-05-14,2025-05-10,72.2,True
INV003779,6,2024-03-30,2025-04-16,63.666666666666664,True
INV003780,8,2024-02-01,2025-03-09,50.25,True
INV003781,7,2024-02-07,2025-03-02,55.57142857142857,True
INV003782,5,2024-04-15,2025-04-02,70.4,True
INV003783,5,2024-06-04,2025-01-05,43.0,True
INV003784,1,2024-02-23,2024-02-23,0.0,False
INV003785,6,2024-04-11,2025-04-17,61.833333333333336,True
INV003786,2,2024-06-16,2024-08-01,23.0,False
INV003787,9,2024-01-09,2025-05-29,56.22222222222222,True
INV003788,3,2024-09-04,2025-05-09,82.33333333333333,True
INV003789,3,2024-03-23,2025-03-07,116.33333333333333,True
INV003791,5,2024-10-01,2025-05-07,43.6,True
INV003792,4,2024-06-25,2025-01-12,50.25,True
INV003793,7,2024-02-03,2025-04-12,62.0,True
INV003794,2,2024-05-21,2025-01-12,118.0,True
INV003795,7,2024-01-05,2025-02-14,58.0,True
INV003796,1,2024-10-29,2024-10-29,0.0,False
INV003797,3,2024-05-18,2024-08-31,35.0,False
INV003798,5,2024-01-18,2024-07-07,34.2,False
INV003799,5,2024-06-04,2025-04-17,63.4,True
INV003800,3,2024-04-26,2025-05-13,127.33333333333333,True
INV003801,4,2024-01-10,2025-01-02,89.5,True
INV003802,1,2024-11-25,2024-11-25,0.0,False
INV003803,2,2024-06-28,2024-08-15,24.0,False
INV003804,2,2024-11-28,2025-03-05,48.5,True
INV003805,2,2024-10-03,2025-04-06,92.5,True
INV003806,5,2024-02-29,2025-04-19,83.0,True
INV003807,1,2024-09-13,2024-09-13,0.0,False
INV003808,3,2024-06-06,2024-08-12,22.333333333333332,False
INV003809,2,2024-03-29,2024-06-21,42.0,True
INV003810,2,2024-07-15,2025-03-25,126.5,True
INV003811,7,2024-01-14,2025-04-30,67.42857142857143,True
INV003812,7,2024-07-02,2025-05-03,43.57142857142857,True
INV003813,6,2024-01-30,2025-03-16,68.5,True
INV003814,2,2024-04-05,2024-09-16,82.0,True
INV003815,7,2024-02-07,2025-04-17,62.142857142857146,True
INV003816,2,2025-05-13,2025-05-26,6.5,False
INV003817,2,2024-10-10,2025-02-06,59.5,True
INV003818,2,2024-09-15,2025-05-21,124.0,True
INV003819,4,2024-02-11,2024-09-05,51.75,True
INV003820,3,2024-01-21,2025-03-18,140.66666666666666,True
INV003821,4,2024-01-02,2024-09-21,65.75,True
INV003822,4,2024-08-13,2025-04-01,57.75,True
INV003823,5,2024-01-29,2024-11-11,57.4,True
INV003824,7,2024-03-14,2025-05-17,61.285714285714285,True
INV003825,6,2024-03-22,2025-05-02,67.66666666666667,True
INV003826,1,2024-05-01,2024-05-01,0.0,False
INV003827,1,2024-08-04,2024-08-04,0.0,False
INV003828,7,2024-02-25,2024-08-27,26.285714285714285,False
INV003829,10,2024-02-12,2025-04-24,43.7,True
INV003830,6,2024-01-24,2025-01-15,59.5,True
INV003831,1,2024-09-28,2024-09-28,0.0,False
INV003832,4,2024-03-06,2025-01-31,82.75,True
INV003833,4,2024-06-05,2024-12-03,45.25,True
INV003834,4,2024-05-09,2025-01-28,66.0,True
INV003835,4,2024-01-26,2024-09-03,55.25,True
INV003836,5,2024-01-26,2024-12-18,65.4,True
INV003837,1,2024-02-18,2024-02-18,0.0,False
INV003839,2,2024-08-13,2024-12-30,69.5,True
INV003840,3,2024-01-27,2024-06-04,43.0,True
INV003842,1,2024-11-05,2024-11-05,0.0,False
INV003844,7,2024-03-06,2025-04-21,58.714285714285715,True
INV003845,3,2024-04-28,2024-10-11,55.333333333333336,True
INV003846,5,2024-03-22,2025-05-09,82.6,True
INV003847,8,2024-05-31,2025-05-16,43.75,True
INV003848,4,2024-02-21,2024-12-06,72.25,True
INV003849,6,2024-03-18,2025-04-08,64.33333333333333,True
INV003850,1,2025-05-30,2025-05-30,0.0,False
INV003851,7,2024-06-02,2025-05-15,49.57142857142857,True
INV003852,2,2024-07-30,2025-04-29,136.5,True
INV003853,5,2024-02-12,2025-05-15,91.6,True
INV003854,3,2024-07-28,2025-02-03,63.333333333333336,True
INV003855,3,2024-09-09,2025-01-15,42.666666666666664,True
INV003856,4,2024-05-23,2024-12-14,51.25,True
INV003857,1,2025-05-10,2025-05-10,0.0,False
INV003858,4,2024-06-20,2025-05-28,85.5,True
INV003859,3,2024-04-04,2024-09-10,53.0,True
INV003860,6,2024-09-23,2025-05-11,38.333333333333336,True
INV003862,7,2024-02-25,2025-02-20,51.57142857142857,True
INV003863,2,2024-01-10,2025-04-25,235.5,True
INV003864,3,2024-03-03,2025-02-20,118.0,True
INV003865,7,2024-01-02,2025-05-27,73.0,True
INV003866,1,2024-08-13,2024-08-13,0.0,False
INV003867,2,2024-03-07,2024-08-10,78.0,True
INV003868,6,2024-02-26,2025-05-09,73.0,True
INV003869,4,2024-01-18,2025-03-30,109.25,True
INV003871,1,2025-02-21,2025-02-21,0.0,False
INV003872,9,2024-05-15,2025-05-13,40.333333333333336,True
INV003873,3,2024-03-31,2025-05-04,133.0,True
INV003874,5,2024-03-19,2024-06-27,20.0,False
INV003875,1,2024-12-04,2024-12-04,0.0,False
INV003876,6,2024-03-08,2025-03-31,64.66666666666667,True
INV003877,4,2024-08-28,2025-05-04,62.25,True
INV003878,5,2024-02-15,2024-08-06,34.6,False
INV003879,2,2024-08-01,2025-04-01,121.5,True
INV003880,8,2024-02-03,2025-05-28,60.0,True
INV003881,1,2024-04-27,2024-04-27,0.0,False
INV003882,4,2024-03-05,2025-04-25,104.0,True
INV003883,5,2024-10-21,2025-05-06,39.4,True
INV003884,4,2024-08-08,2024-10-16,17.25,False
INV003885,6,2024-06-06,2025-05-30,59.666666666666664,True
INV003886,1,2024-09-14,2024-09-14,0.0,False
INV003887,3,2024-05-28,2025-05-11,116.0,True
INV003888,5,2024-02-05,2025-05-13,92.6,True
INV003889,1,2024-02-03,2024-02-03,0.0,False
INV003891,4,2024-02-24,2024-10-02,55.25,True
INV003892,10,2024-01-02,2025-05-13,49.7,True
INV003893,2,2024-05-31,2025-04-04,154.0,True
INV003894,2,2024-09-02,2025-02-11,81.0,True
INV003895,1,2024-02-03,2024-02-03,0.0,False
INV003896,6,2024-02-12,2025-03-28,68.33333333333333,True
INV003897,6,2024-04-09,2025-04-02,59.666666666666664,True
INV003898,2,2024-04-07,2025-04-28,193.0,True
INV003899,5,2024-02-26,2025-04-13,82.4,True
INV003900,2,2025-01-02,2025-04-04,46.0,True
INV003901,5,2024-03-17,2025-03-14,72.4,True
INV003902,5,2024-04-26,2025-05-09,75.6,True
INV003903,8,2024-02-07,2025-01-24,44.0,True
INV003904,3,2024-03-09,2024-09-13,62.666666666666664,True
INV003905,7,2024-04-28,2025-05-08,53.57142857142857,True
INV003906,10,2024-01-13,2025-05-23,49.6,True
INV003907,5,2024-06-07,2025-01-09,43.2,True
INV003908,4,2024-12-20,2025-04-16,29.25,False
INV003909,3,2024-01-19,2024-10-08,87.66666666666667,True
INV003910,4,2024-03-02,2024-07-25,36.25,True
INV003911,5,2024-01-31,2025-04-27,90.4,True
INV003912,6,2024-01-15,2024-12-23,57.166666666666664,True
INV003913,8,2024-02-09,2025-04-14,53.75,True
INV003914,1,2024-07-12,2024-07-12,0.0,False
INV003915,1,2024-11-21,2024-11-21,0.0,False
INV003916,6,2024-03-08,2025-02-07,56.0,True
INV003917,2,2024-03-11,2024-12-30,147.0,True
INV003918,5,2024-03-13,2025-05-22,87.0,True
INV003919,2,2024-07-02,2025-05-13,157.5,True
INV003920,8,2024-01-17,2025-04-29,58.5,True
INV003921,2,2024-02-07,2024-05-07,45.0,True
INV003923,1,2025-03-11,2025-03-11,0.0,False
INV003924,2,2024-09-06,2025-04-25,115.5,True
INV003925,5,2024-01-29,2025-03-14,82.0,True
INV003926,4,2024-01-02,2025-04-24,119.5,True
INV003927,1,2025-04-17,2025-04-17,0.0,False
INV003928,4,2024-05-11,2025-04-17,85.25,True
INV003931,2,2024-08-31,2025-05-16,129.0,True
INV003932,4,2024-09-04,2025-04-21,57.25,True
INV003933,1,2024-09-28,2024-09-28,0.0,False
INV003934,2,2024-03-01,2024-05-22,41.0,True
INV003935,1,2024-02-15,2024-02-15,0.0,False
INV003936,6,2024-01-21,2025-04-13,74.66666666666667,True
INV003937,3,2024-07-20,2025-01-04,56.0,True
INV003938,7,2024-02-10,2024-12-21,45.0,True
INV003939,2,2024-03-20,2024-08-26,79.5,True
INV003940,7,2024-01-21,2025-03-20,60.57142857142857,True
INV003941,3,2024-05-11,2025-03-13,102.0,True
INV003942,5,2024-01-02,2025-01-12,75.2,True
INV003943,9,2024-04-22,2025-03-28,37.77777777777778,True
INV003944,1,2025-02-26,2025-02-26,0.0,False
INV003945,7,2024-02-01,2025-01-04,48.285714285714285,True
INV003946,7,2024-01-14,2025-03-04,59.285714285714285,True
INV003947,4,2024-05-18,2025-01-27,63.5,True
INV003948,7,2024-08-14,2025-05-03,37.42857142857143,True
INV003949,4,2024-03-11,2024-12-22,71.5,True
INV003950,3,2024-11-22,2025-05-09,56.0,True
INV003951,5,2024-01-14,2025-04-12,90.8,True
INV003952,7,2024-04-20,2025-03-14,46.857142857142854,True
INV003953,2,2024-01-04,2024-06-05,76.5,True
INV003954,4,2024-02-04,2024-12-17,79.25,True
INV003955,5,2024-02-05,2024-12-15,62.8,True
INV003956,3,2024-04-06,2025-03-06,111.33333333333333,True
INV003957,4,2024-01-08,2025-04-09,114.25,True
INV003958,6,2024-02-07,2025-04-10,71.33333333333333,True
INV003959,1,2024-05-16,2024-05-16,0.0,False
INV003960,4,2024-02-13,2025-02-27,95.0,True
INV003961,4,2024-01-11,2025-04-28,118.25,True
INV003962,8,2024-01-21,2025-05-16,60.125,True
INV003963,4,2024-07-10,2024-12-03,36.5,True
INV003964,10,2024-01-10,2025-04-15,46.1,True
INV003965,1,2024-06-07,2024-06-07,0.0,False
INV003966,2,2025-01-30,2025-03-09,19.0,False
INV003967,3,2024-03-18,2025-03-17,121.33333333333333,True
INV003968,6,2024-01-31,2025-05-07,77.0,True
INV003969,2,2024-07-20,2025-01-11,87.5,True
INV003970,4,2024-08-15,2025-03-03,50.0,True
INV003971,4,2024-08-27,2025-04-27,60.75,True
INV003972,6,2024-03-05,2025-04-30,70.16666666666667,True
INV003973,5,2024-06-14,2025-02-27,51.6,True
INV003974,5,2024-01-10,2024-11-16,62.2,True
INV003975,8,2024-05-11,2025-04-27,43.875,True
INV003976,3,2024-04-12,2025-03-31,117.66666666666667,True
INV003977,5,2024-05-04,2025-04-12,68.6,True
INV003978,8,2024-01-08,2025-04-29,59.625,True
INV003979,8,2024-02-29,2025-03-27,49.0,True
INV003980,2,2025-02-23,2025-05-28,47.0,True
INV003981,7,2024-04-01,2025-05-12,58.0,True
INV003982,2,2024-09-07,2024-09-22,7.5,False
INV003984,3,2024-02-28,2024-05-12,24.666666666666668,False
INV003985,6,2024-01-19,2025-04-28,77.5,True
INV003986,4,2024-03-08,2025-02-02,82.75,True
INV003987,5,2024-03-12,2024-12-26,57.8,True
INV003988,1,2024-07-25,2024-07-25,0.0,False
INV003989,4,2024-05-23,2025-01-27,62.25,True
INV003990,1,2024-05-12,2024-05-12,0.0,False
INV003991,2,2024-01-06,2024-10-18,143.0,True
INV003992,4,2024-02-04,2024-08-26,51.0,True
INV003993,3,2024-08-09,2025-03-28,77.0,True
INV003994,1,2025-04-08,2025-04-08,0.0,False
INV003995,4,2024-08-05,2025-04-15,63.25,True
INV003996,6,2024-01-25,2025-05-15,79.33333333333333,True
INV003997,5,2024-03-15,2025-03-16,73.2,True
INV003998,3,2024-01-06,2024-10-19,95.66666666666667,True
INV003999,1,2024-09-12,2024-09-12,0.0,False
INV004000,1,2024-12-05,2024-12-05,0.0,False
INV004001,8,2024-06-10,2025-03-19,35.25,True
INV004002,1,2025-03-26,2025-03-26,0.0,False
INV004003,4,2024-06-26,2025-05-21,82.25,True
INV004004,10,2024-05-18,2025-05-20,36.7,True
INV004005,7,2024-03-09,2025-05-25,63.142857142857146,True
INV004006,5,2024-11-14,2025-05-19,37.2,True
INV004007,7,2024-01-23,2024-09-12,33.285714285714285,False
INV004008,3,2024-01-07,2024-12-10,112.66666666666667,True
INV004009,8,2024-02-17,2025-04-28,54.5,True
INV004011,4,2024-03-01,2025-03-26,97.5,True
INV004012,5,2024-03-09,2025-05-22,87.8,True
INV004014,9,2024-01-14,2025-05-23,55.0,True
INV004015,6,2024-01-31,2025-04-15,73.33333333333333,True
INV004016,3,2024-06-11,2025-01-24,75.66666666666667,True
INV004017,7,2024-04-01,2024-11-30,34.714285714285715,False
INV004018,5,2024-06-24,2025-05-07,63.4,True
INV004019,5,2024-06-12,2025-05-27,69.8,True
INV004020,1,2024-10-25,2024-10-25,0.0,False
INV004021,1,2025-02-19,2025-02-19,0.0,False
INV004022,1,2024-03-17,2024-03-17,0.0,False
INV004023,10,2024-02-12,2025-05-25,46.8,True
INV004024,5,2024-01-03,2025-02-03,79.4,True
INV004025,3,2024-06-10,2025-03-23,95.33333333333333,True
INV004026,5,2024-03-02,2025-03-15,75.6,True
INV004027,2,2024-04-23,2024-10-13,86.5,True
INV004028,5,2024-02-22,2025-04-04,81.4,True
INV004029,1,2024-08-22,2024-08-22,0.0,False
INV004030,5,2024-01-20,2025-05-19,97.0,True
INV004031,2,2024-06-07,2024-08-18,36.0,True
INV004032,4,2024-03-16,2025-02-25,86.5,True
INV004033,3,2024-04-11,2024-10-24,65.33333333333333,True
INV004034,1,2024-08-28,2024-08-28,0.0,False
INV004035,3,2024-06-19,2024-11-20,51.333333333333336,True
INV004036,1,2024-11-10,2024-11-10,0.0,False
INV004037,6,2024-05-10,2025-05-18,62.166666666666664,True
INV004038,7,2024-03-07,2025-05-11,61.42857142857143,True
INV004039,2,2024-03-14,2024-09-28,99.0,True
INV004040,4,2024-08-29,2025-05-11,63.75,True
INV004041,2,2024-02-03,2024-07-24,86.0,True
INV004042,1,2024-09-24,2024-09-24,0.0,False
INV004043,3,2024-06-24,2025-04-25,101.66666666666667,True
INV004044,3,2024-03-15,2024-09-03,57.333333333333336,True
INV004045,5,2024-02-02,2024-11-01,54.6,True
INV004046,3,2024-03-15,2024-12-30,96.66666666666667,True
INV004047,1,2024-12-12,2024-12-12,0.0,False
INV004048,1,2025-01-07,2025-01-07,0.0,False
INV004049,6,2024-08-05,2025-04-03,40.166666666666664,True
INV004050,4,2024-08-14,2025-04-22,62.75,True
INV004051,5,2024-01-19,2025-01-17,72.8,True
INV004052,3,2024-01-16,2025-05-14,161.33333333333334,True
INV004053,1,2025-03-18,2025-03-18,0.0,False
INV004054,1,2024-08-22,2024-08-22,0.0,False
INV004055,1,2024-06-14,2024-06-14,0.0,False
INV004056,3,2024-06-01,2025-04-03,102.0,True
INV004057,1,2024-06-28,2024-06-28,0.0,False
INV004058,3,2024-01-09,2024-10-04,89.66666666666667,True
INV004059,2,2024-01-04,2024-12-14,172.5,True
INV004060,1,2024-08-01,2024-08-01,0.0,False
INV004061,3,2024-07-04,2025-01-02,60.666666666666664,True
INV004062,2,2024-04-12,2025-05-03,193.0,True
INV004063,8,2024-04-13,2025-05-14,49.5,True
INV004064,4,2024-01-15,2025-04-17,114.5,True
INV004065,1,2024-01-21,2024-01-21,0.0,False
INV004066,7,2024-01-15,2025-04-10,64.42857142857143,True
INV004067,4,2024-02-11,2025-02-16,92.75,True
INV004068,2,2024-03-08,2024-08-08,76.5,True
INV004069,6,2024-01-16,2025-01-20,61.666666666666664,True
INV004070,7,2024-02-06,2025-03-18,58.0,True
INV004071,4,2024-03-01,2025-03-12,94.0,True
INV004072,1,2024-10-26,2024-10-26,0.0,False
INV004073,5,2024-05-17,2025-05-27,75.0,True
INV004074,3,2024-11-24,2025-02-26,31.333333333333332,False
INV004075,5,2024-02-04,2025-03-21,82.2,True
INV004076,5,2024-03-06,2025-03-22,76.2,True
INV004077,3,2024-11-09,2025-05-21,64.33333333333333,True
INV004078,4,2024-03-25,2025-03-30,92.5,True
INV004079,7,2024-01-21,2025-03-24,61.142857142857146,True
INV004080,4,2024-02-21,2025-03-23,99.0,True
INV004081,3,2024-01-19,2025-05-28,165.0,True
INV004082,3,2024-04-19,2024-06-22,21.333333333333332,False
INV004083,1,2024-12-14,2024-12-14,0.0,False
INV004084,3,2024-06-18,2024-07-12,8.0,False
INV004085,7,2024-04-07,2025-05-22,58.57142857142857,True
INV004086,1,2024-08-08,2024-08-08,0.0,False
INV004088,1,2024-05-14,2024-05-14,0.0,False
INV004089,2,2024-04-20,2025-02-08,147.0,True
INV004090,3,2025-02-25,2025-05-22,28.666666666666668,False
INV004091,6,2024-03-24,2025-03-27,61.333333333333336,True
INV004092,1,2025-01-16,2025-01-16,0.0,False
INV004093,1,2025-01-05,2025-01-05,0.0,False
INV004094,6,2024-08-23,2025-05-29,46.5,True
INV004095,2,2024-01-15,2024-12-15,167.5,True
INV004096,5,2024-01-05,2025-01-29,78.0,True
INV004097,3,2024-07-28,2025-05-29,101.66666666666667,True
INV004098,6,2024-06-23,2025-04-10,48.5,True
INV004099,6,2024-04-01,2025-01-20,49.0,True
INV004100,2,2025-04-30,2025-05-22,11.0,False
INV004101,1,2024-02-09,2024-02-09,0.0,False
INV004102,4,2024-10-23,2025-05-16,51.25,True
INV004103,1,2025-05-03,2025-05-03,0.0,False
INV004104,5,2024-03-14,2025-04-21,80.6,True
INV004105,2,2024-09-28,2025-03-02,77.5,True
INV004106,6,2024-02-24,2024-11-29,46.5,True
INV004107,2,2025-03-19,2025-03-30,5.5,False
INV004108,4,2024-01-26,2024-12-06,78.75,True
INV004109,5,2024-03-14,2025-03-06,71.4,True
INV004110,2,2024-04-09,2024-05-11,16.0,False
INV004111,1,2024-07-24,2024-07-24,0.0,False
INV004112,6,2024-01-28,2024-10-30,46.0,True
INV004113,2,2024-06-22,2024-10-04,52.0,True
INV004114,4,2024-04-08,2024-08-07,30.25,False
INV004115,3,2024-02-15,2024-07-21,52.333333333333336,True
INV004116,10,2024-01-18,2025-05-26,49.4,True
INV004117,3,2024-02-21,2024-05-06,25.0,False
INV004118,6,2024-06-13,2025-05-02,53.833333333333336,True
INV004119,6,2024-03-29,2025-03-30,61.0,True
INV004120,4,2024-07-01,2025-03-22,66.0,True
INV004121,2,2024-04-21,2024-10-23,92.5,True
INV004122,2,2024-05-06,2024-09-19,68.0,True
INV004123,6,2024-03-14,2025-05-13,70.83333333333333,True
INV004124,6,2024-06-09,2025-04-24,53.166666666666664,True
INV004125,9,2024-01-03,2025-05-10,54.77777777777778,True
INV004126,1,2024-02-12,2024-02-12,0.0,False
INV004127,6,2024-01-02,2025-03-15,73.0,True
INV004128,6,2024-02-02,2025-01-03,56.0,True
INV004129,2,2024-04-29,2024-10-21,87.5,True
INV004130,2,2024-10-01,2025-03-30,90.0,True
INV004131,5,2024-01-04,2025-01-31,78.6,True
INV004132,3,2024-01-18,2024-06-07,47.0,True
INV004133,3,2024-03-23,2024-10-22,71.0,True
INV004134,6,2024-01-06,2024-07-01,29.5,False
INV004135,10,2024-01-11,2025-04-06,45.1,True
INV004137,5,2024-03-25,2024-07-06,20.6,False
INV004138,5,2024-01-04,2025-01-10,74.4,True
INV004139,2,2024-06-26,2025-05-09,158.5,True
INV004140,3,2024-01-18,2025-05-07,158.33333333333334,True
INV004142,5,2024-04-02,2025-03-17,69.8,True
INV004143,6,2024-01-22,2025-05-21,80.83333333333333,True
INV004144,2,2024-07-22,2024-10-12,41.0,True
INV004145,6,2024-02-13,2025-01-09,55.166666666666664,True
INV004146,6,2024-02-12,2025-04-28,73.5,True
INV004147,6,2024-06-01,2025-05-28,60.166666666666664,True
INV004148,5,2024-02-20,2025-04-02,81.4,True
INV004149,6,2024-05-12,2025-01-18,41.833333333333336,True
INV004151,8,2024-02-22,2025-05-09,55.25,True
INV004152,5,2024-06-29,2025-03-24,53.6,True
INV004153,8,2024-04-04,2025-05-29,52.5,True
INV004154,12,2024-01-01,2025-05-29,42.833333333333336,True
INV004155,1,2024-03-09,2024-03-09,0.0,False
INV004156,1,2024-10-23,2024-10-23,0.0,False
INV004157,3,2024-06-15,2025-03-03,87.0,True
INV004158,1,2024-07-14,2024-07-14,0.0,False
INV004159,4,2024-05-15,2024-12-29,57.0,True
INV004160,4,2024-03-02,2025-05-25,112.25,True
INV004161,3,2024-02-13,2025-02-13,122.0,True
INV004162,3,2024-03-04,2025-01-13,105.0,True
INV004163,4,2024-03-24,2024-09-22,45.5,True
INV004164,2,2024-04-24,2024-07-09,38.0,True
INV004165,2,2024-09-13,2025-04-13,106.0,True
INV004166,2,2024-11-05,2025-02-15,51.0,True
INV004167,1,2025-02-06,2025-02-06,0.0,False
INV004168,2,2024-11-16,2025-01-29,37.0,True
INV004169,3,2024-01-13,2024-11-01,97.66666666666667,True
INV004170,1,2025-05-17,2025-05-17,0.0,False
INV004171,2,2025-02-10,2025-04-30,39.5,True
INV004172,8,2024-01-10,2025-03-26,55.125,True
INV004173,4,2024-01-03,2025-05-16,124.75,True
INV004174,6,2024-01-01,2025-03-09,72.16666666666667,True
INV004175,8,2024-01-22,2025-05-11,59.375,True
INV004176,1,2024-10-05,2024-10-05,0.0,False
INV004177,8,2024-02-15,2024-12-29,39.75,True
INV004178,5,2024-01-08,2025-04-23,94.2,True
INV004179,6,2024-04-14,2025-04-05,59.333333333333336,True
INV004180,2,2024-10-31,2024-11-13,6.5,False
INV004181,6,2024-02-05,2025-05-17,77.83333333333333,True
INV004182,2,2025-01-07,2025-02-22,23.0,False
INV004183,4,2024-06-12,2024-08-21,17.5,False
INV004184,5,2024-04-01,2025-03-29,72.4,True
INV004185,5,2024-01-06,2024-09-11,49.8,True
INV004186,2,2024-12-10,2024-12-31,10.5,False
INV004187,2,2024-09-14,2024-10-11,13.5,False
INV004188,1,2024-11-01,2024-11-01,0.0,False
INV004189,2,2024-03-30,2024-12-30,137.5,True
INV004190,4,2024-04-05,2024-12-31,67.5,True
INV004191,7,2024-01-27,2025-05-04,66.14285714285714,True
INV004192,3,2025-03-06,2025-03-25,6.333333333333333,False
INV004193,2,2024-05-12,2024-05-17,2.5,False
INV004194,3,2024-08-12,2025-03-22,74.0,True
INV004195,2,2024-08-03,2025-01-06,78.0,True
INV004196,7,2024-01-29,2025-05-13,67.14285714285714,True
INV004197,3,2024-03-19,2025-03-28,124.66666666666667,True
INV004198,2,2024-07-12,2024-12-27,84.0,True
INV004199,6,2024-04-16,2025-02-01,48.5,True
INV004200,1,2024-06-16,2024-06-16,0.0,False
INV004201,1,2024-10-14,2024-10-14,0.0,False
INV004202,9,2024-03-30,2025-04-15,42.333333333333336,True
INV004203,8,2024-01-22,2025-05-02,58.25,True
INV004204,3,2024-06-04,2024-07-28,18.0,False
INV004205,5,2024-02-21,2025-03-12,77.0,True
INV004206,1,2025-04-22,2025-04-22,0.0,False
INV004207,2,2025-04-15,2025-04-23,4.0,False
INV004208,6,2024-05-01,2025-05-03,61.166666666666664,True
INV004209,1,2024-04-27,2024-04-27,0.0,False
INV004210,4,2024-07-20,2024-12-28,40.25,True
INV004211,2,2024-04-22,2025-05-17,195.0,True
INV004212,7,2024-03-29,2025-05-19,59.42857142857143,True
INV004213,1,2025-01-13,2025-01-13,0.0,False
INV004214,3,2024-11-05,2025-05-26,67.33333333333333,True
INV004215,2,2025-03-31,2025-05-10,20.0,False
INV004216,7,2024-01-21,2025-05-27,70.28571428571429,True
INV004217,1,2024-07-30,2024-07-30,0.0,False
INV004220,3,2024-01-18,2024-08-24,73.0,True
INV004221,1,2024-03-22,2024-03-22,0.0,False
INV004222,4,2024-04-16,2024-12-30,64.5,True
INV004223,5,2024-01-11,2025-05-02,95.4,True
INV004224,5,2024-06-29,2024-11-18,28.4,False
INV004225,5,2024-06-14,2025-01-01,40.2,True
INV004226,4,2024-04-30,2025-04-27,90.5,True
INV004227,2,2025-03-17,2025-04-28,21.0,False
INV004228,7,2024-02-29,2025-05-08,62.0,True
INV004229,3,2024-03-27,2025-02-01,103.66666666666667,True
INV004230,2,2024-08-12,2025-03-03,101.5,True
INV004231,5,2024-02-02,2025-03-28,84.0,True
INV004232,6,2024-01-23,2025-01-14,59.5,True
INV004233,2,2024-05-18,2024-07-12,27.5,False
INV004234,1,2024-09-21,2024-09-21,0.0,False
INV004235,1,2025-03-24,2025-03-24,0.0,False
INV004236,2,2024-02-17,2024-03-11,11.5,False
INV004237,5,2024-02-06,2025-05-10,91.8,True
INV004238,3,2024-08-25,2024-11-15,27.333333333333332,False
INV004239,8,2024-02-26,2025-04-29,53.5,True
INV004240,5,2024-03-25,2025-05-04,81.0,True
INV004241,10,2024-01-31,2025-05-28,48.3,True
INV004242,2,2024-02-16,2024-06-28,66.5,True
INV004243,8,2024-02-12,2025-03-08,48.75,True
INV004244,2,2024-06-24,2024-10-04,51.0,True
INV004246,7,2024-02-18,2024-09-10,29.285714285714285,False
INV004247,6,2024-03-17,2025-05-27,72.66666666666667,True
INV004248,7,2024-02-25,2024-11-07,36.57142857142857,True
INV004249,1,2025-03-01,2025-03-01,0.0,False
INV004250,3,2024-07-29,2025-03-04,72.66666666666667,True
INV004251,1,2024-07-30,2024-07-30,0.0,False
INV004252,5,2024-03-14,2025-04-06,77.6,True
INV004253,4,2024-01-10,2025-05-27,125.75,True
INV004254,4,2024-02-20,2025-04-24,107.25,True
INV004255,1,2024-07-17,2024-07-17,0.0,False
INV004256,3,2024-03-24,2025-05-25,142.33333333333334,True
INV004257,4,2024-06-03,2025-03-26,74.0,True
INV004258,7,2024-03-30,2025-01-22,42.57142857142857,True
INV004259,3,2024-01-28,2024-09-17,77.66666666666667,True
INV004260,1,2024-09-14,2024-09-14,0.0,False
INV004261,3,2024-02-09,2025-05-28,158.0,True
INV004262,3,2024-06-15,2025-03-20,92.66666666666667,True
INV004263,5,2024-02-05,2025-05-06,91.2,True
INV004264,3,2024-04-22,2025-04-04,115.66666666666667,True
INV004265,5,2024-02-25,2025-04-21,84.2,True
INV004266,7,2024-01-10,2025-01-15,53.0,True
INV004267,7,2024-06-26,2025-05-12,45.714285714285715,True
INV004268,3,2024-03-15,2024-09-19,62.666666666666664,True
INV004269,1,2025-02-26,2025-02-26,0.0,False
INV004270,7,2024-03-28,2025-05-20,59.714285714285715,True
INV004271,6,2024-02-17,2025-03-22,66.5,True
INV004272,5,2024-07-29,2024-12-18,28.4,False
INV004273,4,2024-02-02,2024-08-28,52.0,True
INV004274,4,2024-02-29,2025-04-20,104.0,True
INV004275,1,2025-05-05,2025-05-05,0.0,False
INV004276,3,2024-06-24,2024-08-27,21.333333333333332,False
INV004277,5,2024-01-30,2025-04-23,89.8,True
INV004278,5,2024-01-24,2025-02-03,75.2,True
INV004279,8,2024-02-26,2025-02-12,44.0,True
INV004280,4,2024-11-26,2025-05-25,45.0,True
INV004281,8,2024-01-17,2024-11-04,36.5,True
INV004282,8,2024-04-15,2025-04-20,46.25,True
INV004283,5,2024-07-09,2025-04-16,56.2,True
INV004284,2,2024-10-10,2025-02-23,68.0,True
INV004285,7,2024-01-17,2025-04-18,65.28571428571429,True
INV004287,5,2024-06-23,2025-01-19,42.0,True
INV004288,7,2024-01-25,2025-04-06,62.42857142857143,True
INV004289,11,2024-02-13,2025-05-17,41.72727272727273,True
INV004290,5,2024-01-10,2025-03-26,88.2,True
INV004291,2,2024-04-21,2024-09-13,72.5,True
INV004293,6,2024-02-07,2025-03-22,68.16666666666667,True
INV004294,3,2024-05-17,2025-04-15,111.0,True
INV004295,9,2024-02-06,2025-01-29,39.77777777777778,True
INV004296,6,2024-01-02,2025-05-27,85.16666666666667,True
INV004297,9,2024-06-19,2025-05-20,37.22222222222222,True
INV004298,5,2024-06-01,2025-04-03,61.2,True
INV004299,8,2024-02-29,2025-05-23,56.125,True
INV004300,4,2024-10-01,2025-03-14,41.0,True
INV004301,3,2024-03-20,2024-10-21,71.66666666666667,True
INV004302,4,2024-05-23,2025-04-29,85.25,True
INV004303,4,2024-03-11,2024-10-26,57.25,True
INV004304,3,2024-01-31,2024-12-16,106.66666666666667,True
INV004305,3,2024-08-12,2025-05-05,88.66666666666667,True
INV004306,7,2024-04-28,2025-04-05,48.857142857142854,True
INV004307,5,2024-06-24,2025-04-23,60.6,True
INV004308,7,2024-01-01,2025-05-23,72.57142857142857,True
INV004309,1,2024-11-24,2024-11-24,0.0,False
INV004310,3,2024-01-29,2024-11-14,96.66666666666667,True
INV004311,1,2025-04-03,2025-04-03,0.0,False
INV004312,1,2024-12-26,2024-12-26,0.0,False
INV004313,3,2024-05-05,2024-09-19,45.666666666666664,True
INV004314,6,2024-02-20,2025-04-10,69.16666666666667,True
INV004315,1,2024-07-19,2024-07-19,0.0,False
INV004316,4,2024-06-19,2024-12-01,41.25,True
INV004317,1,2024-05-23,2024-05-23,0.0,False
INV004318,5,2024-01-15,2025-02-16,79.6,True
INV004319,9,2024-01-15,2025-05-13,53.77777777777778,True
INV004320,5,2024-02-27,2025-03-20,77.4,True
INV004321,9,2024-01-04,2024-12-05,37.333333333333336,True
INV004322,3,2024-02-04,2024-11-20,96.66666666666667,True
INV004323,1,2025-05-14,2025-05-14,0.0,False
INV004324,7,2024-02-07,2025-05-18,66.57142857142857,True
INV004326,10,2024-04-22,2025-04-18,36.1,True
INV004328,3,2024-01-13,2025-03-18,143.33333333333334,True
INV004329,3,2024-01-06,2025-02-12,134.33333333333334,True
INV004330,2,2024-03-12,2024-06-27,53.5,True
INV004331,1,2024-05-28,2024-05-28,0.0,False
INV004332,8,2024-02-21,2025-05-19,56.625,True
INV004333,3,2024-11-13,2025-03-03,36.666666666666664,True
INV004334,4,2024-04-02,2025-04-19,95.5,True
INV004335,8,2024-02-10,2025-05-06,56.375,True
INV004336,4,2024-02-10,2025-02-03,89.75,True
INV004337,2,2024-11-28,2024-12-04,3.0,False
INV004338,10,2024-02-05,2025-04-20,44.0,True
INV004339,5,2024-01-10,2025-04-06,90.4,True
INV004340,6,2024-03-08,2025-02-10,56.5,True
INV004341,5,2024-04-08,2025-05-06,78.6,True
INV004342,5,2024-01-12,2025-02-03,77.6,True
INV004343,6,2024-06-15,2025-04-26,52.5,True
INV004345,5,2024-08-26,2025-05-06,50.6,True
INV004346,3,2024-05-11,2025-01-18,84.0,True
INV004347,5,2024-01-01,2024-11-28,66.4,True
INV004348,6,2024-08-24,2025-05-12,43.5,True
INV004349,7,2024-02-20,2025-04-30,62.142857142857146,True
INV004350,3,2024-08-09,2025-05-17,93.66666666666667,True
INV004351,2,2024-06-26,2025-03-28,137.5,True
INV004352,4,2024-08-21,2025-05-03,63.75,True
INV004353,5,2024-04-22,2024-12-02,44.8,True
INV004354,4,2024-02-19,2024-12-13,74.5,True
INV004355,1,2024-06-02,2024-06-02,0.0,False
INV004356,6,2024-10-25,2025-03-28,25.666666666666668,False
INV004357,8,2024-01-03,2025-05-24,63.375,True
INV004358,8,2024-02-14,2024-12-31,40.125,True
INV004359,2,2024-02-15,2024-06-04,55.0,True
INV004360,5,2024-08-18,2025-05-02,51.4,True
INV004361,8,2024-01-30,2025-04-05,53.875,True
INV004362,5,2024-06-15,2025-02-05,47.0,True
INV004363,4,2024-02-02,2025-01-17,87.5,True
INV004364,6,2024-02-10,2025-03-19,67.16666666666667,True
INV004365,5,2024-03-28,2025-03-18,71.0,True
INV004366,4,2024-08-14,2025-04-22,62.75,True
INV004367,6,2024-04-10,2025-05-23,68.0,True
INV004368,5,2024-04-19,2025-03-09,64.8,True
INV004369,5,2024-10-15,2025-05-09,41.2,True
INV004370,1,2024-10-07,2024-10-07,0.0,False
INV004371,3,2024-07-28,2025-04-15,87.0,True
INV004372,6,2024-04-12,2025-02-02,49.333333333333336,True
INV004373,1,2025-02-09,2025-02-09,0.0,False
INV004374,5,2024-06-12,2025-05-30,70.4,True
INV004375,4,2024-04-28,2025-03-27,83.25,True
INV004376,4,2024-06-20,2025-04-01,71.25,True
INV004377,4,2024-03-06,2025-02-25,89.0,True
INV004378,3,2024-01-15,2024-12-14,111.33333333333333,True
INV004379,3,2024-07-23,2024-12-22,50.666666666666664,True
INV004380,3,2024-02-18,2024-11-11,89.0,True
INV004381,4,2024-02-16,2025-02-24,93.5,True
INV004382,2,2024-08-22,2025-05-10,130.5,True
INV004383,1,2024-06-23,2024-06-23,0.0,False
INV004384,4,2024-01-10,2024-04-14,23.75,False
INV004385,1,2024-04-25,2024-04-25,0.0,False
INV004386,1,2025-03-02,2025-03-02,0.0,False
INV004387,2,2024-12-22,2025-03-25,46.5,True
INV004388,5,2024-05-29,2024-09-20,22.8,False
INV004389,1,2024-11-29,2024-11-29,0.0,False
INV004390,1,2024-06-08,2024-06-08,0.0,False
INV004391,6,2024-01-03,2024-10-14,47.5,True
INV004392,6,2024-01-30,2025-04-26,75.33333333333333,True
INV004393,3,2024-09-25,2025-05-13,76.66666666666667,True
INV004394,2,2024-08-01,2025-04-18,130.0,True
INV004395,1,2025-05-09,2025-05-09,0.0,False
INV004398,3,2024-08-15,2025-05-30,96.0,True
INV004399,1,2024-08-28,2024-08-28,0.0,False
INV004400,8,2024-03-09,2025-01-29,40.75,True
INV004401,8,2024-01-12,2025-05-15,61.125,True
INV004402,1,2024-10-18,2024-10-18,0.0,False
INV004403,6,2024-02-12,2025-02-14,61.333333333333336,True
INV004404,2,2024-04-19,2024-10-01,82.5,True
INV004406,2,2024-04-02,2024-07-10,49.5,True
INV004407,4,2024-01-31,2024-06-04,31.25,False
INV004408,3,2024-01-19,2025-01-23,123.33333333333333,True
INV004410,11,2024-03-02,2025-04-15,37.18181818181818,True
INV004411,6,2024-02-03,2024-12-04,50.833333333333336,True
INV004412,7,2024-01-06,2025-05-14,70.57142857142857,True
INV004413,8,2024-01-29,2025-05-26,60.375,True
INV004414,8,2024-01-02,2025-01-13,47.125,True
INV004415,2,2024-03-06,2024-11-11,125.0,True
INV004416,1,2024-05-24,2024-05-24,0.0,False
INV004417,1,2025-05-21,2025-05-21,0.0,False
INV004418,5,2024-08-14,2025-04-08,47.4,True
INV004419,1,2024-06-11,2024-06-11,0.0,False
INV004420,4,2024-02-16,2025-04-26,108.75,True
INV004421,6,2024-01-17,2025-04-15,75.66666666666667,True
INV004422,1,2024-02-05,2024-02-05,0.0,False
INV004423,1,2024-04-22,2024-04-22,0.0,False
INV004424,2,2024-04-05,2024-07-15,50.5,True
INV004425,3,2024-05-21,2025-04-14,109.33333333333333,True
INV004426,3,2024-01-16,2024-08-27,74.66666666666667,True
INV004427,11,2024-01-07,2025-05-29,46.18181818181818,True
INV004428,4,2024-03-11,2024-06-05,21.5,False
INV004430,2,2024-10-28,2025-02-27,61.0,True
INV004433,1,2024-05-28,2024-05-28,0.0,False
INV004434,6,2024-03-30,2025-05-27,70.5,True
INV004435,2,2025-02-04,2025-05-23,54.0,True
INV004436,5,2024-04-25,2025-05-07,75.4,True
INV004437,2,2024-07-01,2025-03-06,124.0,True
INV004438,2,2024-08-10,2024-11-07,44.5,True
INV004439,3,2024-02-02,2024-10-17,86.0,True
INV004440,3,2024-07-11,2025-05-04,99.0,True
INV004441,5,2024-01-10,2025-01-13,73.8,True
INV004442,4,2024-04-03,2025-04-14,94.0,True
INV004443,5,2024-03-04,2025-04-05,79.4,True
INV004444,2,2024-09-24,2024-11-11,24.0,False
INV004445,4,2024-03-18,2025-04-06,96.0,True
INV004446,6,2024-05-17,2025-04-11,54.833333333333336,True
INV004447,7,2024-02-18,2024-12-13,42.714285714285715,True
INV004448,4,2024-02-03,2024-10-21,65.25,True
INV004449,4,2024-03-04,2024-11-19,65.0,True
INV004450,6,2024-01-08,2024-11-11,51.333333333333336,True
INV004451,6,2024-03-30,2025-05-24,70.0,True
INV004452,7,2024-01-05,2025-05-05,69.42857142857143,True
INV004453,3,2025-02-09,2025-05-27,35.666666666666664,True
INV004454,6,2024-01-24,2025-05-30,82.0,True
INV004455,6,2024-08-14,2025-04-21,41.666666666666664,True
INV004456,2,2024-03-04,2024-08-13,81.0,True
INV004457,6,2024-01-29,2025-03-11,67.83333333333333,True
INV004458,1,2024-11-28,2024-11-28,0.0,False
INV004459,7,2024-03-15,2025-02-01,46.142857142857146,True
INV004460,9,2024-01-23,2024-12-28,37.77777777777778,True
INV004461,3,2024-05-13,2024-12-25,75.33333333333333,True
INV004462,3,2024-04-18,2025-05-30,135.66666666666666,True
INV004463,6,2024-01-18,2025-05-06,79.0,True
INV004464,7,2024-02-21,2025-03-02,53.57142857142857,True
INV004465,5,2024-01-30,2024-12-10,63.0,True
INV004466,5,2024-01-29,2025-05-05,92.4,True
INV004467,5,2024-01-15,2024-12-20,68.0,True
INV004468,7,2024-02-11,2025-05-17,65.85714285714286,True
INV004469,1,2024-04-28,2024-04-28,0.0,False
INV004471,4,2024-02-04,2025-04-23,111.0,True
INV004472,7,2024-07-18,2025-05-18,43.42857142857143,True
INV004473,7,2024-01-21,2025-04-05,62.857142857142854,True
INV004474,5,2024-04-14,2025-03-12,66.4,True
INV004475,7,2024-04-05,2025-05-17,58.142857142857146,True
INV004476,4,2024-03-09,2025-05-10,106.75,True
INV004477,8,2024-04-06,2025-05-22,51.375,True
INV004479,5,2024-04-14,2025-01-23,56.8,True
INV004480,1,2024-12-14,2024-12-14,0.0,False
INV004481,3,2024-07-11,2025-01-31,68.0,True
INV004482,4,2024-05-23,2025-05-20,90.5,True
INV004483,3,2024-02-11,2025-02-13,122.66666666666667,True
INV004484,6,2024-04-19,2025-02-21,51.333333333333336,True
INV004485,3,2024-07-30,2024-12-31,51.333333333333336,True
INV004486,3,2024-07-18,2025-05-12,99.33333333333333,True
INV004487,3,2024-10-25,2025-02-20,39.333333333333336,True
INV004488,5,2024-02-14,2025-05-06,89.4,True
INV004489,2,2024-03-06,2024-11-20,129.5,True
INV004490,3,2024-01-16,2024-06-20,52.0,True
INV004491,3,2024-08-17,2025-05-29,95.0,True
INV004492,4,2024-04-29,2025-04-12,87.0,True
INV004493,5,2024-01-25,2025-04-13,88.8,True
INV004494,3,2024-03-11,2025-05-11,142.0,True
INV004495,4,2024-07-07,2025-02-15,55.75,True
INV004496,5,2024-01-15,2025-05-26,99.4,True
INV004497,5,2024-01-06,2025-05-22,100.4,True
INV004498,3,2024-05-17,2024-11-24,63.666666666666664,True
INV004500,1,2024-06-04,2024-06-04,0.0,False
INV004501,2,2024-12-13,2024-12-31,9.0,False
INV004502,7,2024-01-02,2025-03-24,63.857142857142854,True
INV004503,1,2024-09-10,2024-09-10,0.0,False
INV004504,8,2024-02-21,2025-03-13,48.25,True
INV004505,5,2025-02-02,2025-04-23,16.0,False
INV004506,3,2024-04-28,2025-04-09,115.33333333333333,True
INV004507,1,2024-10-28,2024-10-28,0.0,False
INV004508,4,2024-02-07,2025-04-08,106.5,True
INV004509,5,2024-01-23,2025-03-06,81.6,True
INV004510,3,2024-01-11,2025-03-12,142.0,True
INV004511,6,2024-10-04,2025-04-08,31.0,False
INV004512,1,2025-04-14,2025-04-14,0.0,False
INV004513,5,2024-01-09,2025-05-04,96.2,True
INV004514,5,2024-01-02,2025-01-20,76.8,True
INV004515,3,2024-12-01,2025-02-21,27.333333333333332,False
INV004516,3,2024-01-02,2025-01-08,124.0,True
INV004517,6,2024-02-03,2025-04-11,72.16666666666667,True
INV004518,5,2024-02-03,2025-04-03,85.0,True
INV004519,3,2024-03-01,2025-04-17,137.33333333333334,True
INV004520,5,2024-04-27,2025-05-22,78.0,True
INV004521,7,2024-05-10,2025-04-02,46.714285714285715,True
INV004522,1,2025-05-26,2025-05-26,0.0,False
INV004523,6,2024-02-26,2025-05-07,72.66666666666667,True
INV004524,2,2024-02-03,2025-04-07,214.5,True
INV004525,2,2024-03-08,2024-10-04,105.0,True
INV004526,4,2024-01-31,2024-10-24,66.75,True
INV004527,4,2024-04-28,2024-10-12,41.75,True
INV004528,7,2024-07-01,2025-05-21,46.285714285714285,True
INV004529,4,2024-02-16,2025-04-21,107.5,True
INV004530,2,2024-04-07,2024-06-12,33.0,False
INV004531,8,2024-02-27,2025-04-22,52.5,True
INV004532,1,2025-05-06,2025-05-06,0.0,False
INV004533,7,2024-05-26,2025-04-21,47.142857142857146,True
INV004534,5,2024-01-13,2024-11-06,59.6,True
INV004535,2,2024-02-06,2025-04-27,223.0,True
INV004536,1,2024-03-13,2024-03-13,0.0,False
INV004537,2,2024-11-13,2025-01-21,34.5,False
INV004538,1,2024-06-03,2024-06-03,0.0,False
INV004539,1,2024-06-24,2024-06-24,0.0,False
INV004540,4,2024-06-26,2024-11-06,33.25,False
INV004541,1,2024-03-24,2024-03-24,0.0,False
INV004542,7,2024-02-14,2024-09-05,29.142857142857142,False
INV004543,2,2024-07-31,2025-03-13,112.5,True
INV004544,4,2024-01-23,2024-08-14,51.0,True
INV004545,4,2024-02-05,2024-07-27,43.25,True
INV004546,4,2024-01-26,2025-03-13,103.0,True
INV004547,7,2024-04-04,2025-05-14,57.857142857142854,True
INV004548,4,2024-01-14,2025-05-14,121.5,True
INV004549,5,2024-01-15,2024-12-19,67.8,True
INV004551,4,2024-08-29,2025-02-01,39.0,True
INV004552,1,2024-12-29,2024-12-29,0.0,False
INV004553,5,2024-02-04,2024-12-29,65.8,True
INV004555,8,2024-04-26,2025-05-03,46.5,True
INV004556,1,2024-04-29,2024-04-29,0.0,False
INV004557,5,2024-03-09,2025-05-15,86.4,True
INV004558,2,2024-05-01,2025-02-16,145.5,True
INV004560,9,2024-02-26,2025-03-19,43.0,True
INV004561,3,2024-01-20,2025-01-27,124.33333333333333,True
INV004562,6,2024-01-03,2025-02-25,69.83333333333333,True
INV004563,7,2024-04-23,2025-05-17,55.57142857142857,True
INV004564,1,2024-05-26,2024-05-26,0.0,False
INV004565,3,2024-01-21,2025-05-02,155.66666666666666,True
INV004566,3,2024-11-09,2025-04-26,56.0,True
INV004567,5,2024-01-02,2025-04-04,91.6,True
INV004568,4,2024-09-18,2025-05-12,59.0,True
INV004569,1,2024-03-11,2024-03-11,0.0,False
INV004570,1,2024-08-13,2024-08-13,0.0,False
INV004572,1,2024-08-27,2024-08-27,0.0,False
INV004573,4,2024-06-02,2024-12-28,52.25,True
INV004574,8,2024-03-23,2025-04-09,47.75,True
INV004575,2,2024-11-20,2025-03-26,63.0,True
INV004576,6,2024-04-27,2025-03-08,52.5,True
INV004577,1,2024-10-25,2024-10-25,0.0,False
INV004578,4,2024-10-20,2025-02-19,30.5,False
INV004579,8,2024-03-24,2025-01-25,38.375,True
INV004580,1,2024-11-03,2024-11-03,0.0,False
INV004581,8,2024-01-03,2025-05-22,63.125,True
INV004582,4,2024-03-26,2025-05-21,105.25,True
INV004583,2,2024-02-19,2025-03-05,190.0,True
INV004584,4,2024-10-03,2025-05-12,55.25,True
INV004585,4,2024-08-01,2025-04-04,61.5,True
INV004586,1,2024-08-22,2024-08-22,0.0,False
INV004587,1,2025-03-11,2025-03-11,0.0,False
INV004588,1,2024-11-07,2024-11-07,0.0,False
INV004589,6,2024-01-28,2025-01-19,59.5,True
INV004590,1,2024-01-27,2024-01-27,0.0,False
INV004591,2,2025-01-01,2025-01-14,6.5,False
INV004592,5,2024-03-22,2025-01-24,61.6,True
INV004593,5,2024-02-24,2025-04-28,85.8,True
INV004594,8,2024-03-08,2025-04-26,51.75,True
INV004595,5,2024-06-04,2025-02-19,52.0,True
INV004596,1,2025-01-09,2025-01-09,0.0,False
INV004597,1,2024-11-01,2024-11-01,0.0,False
INV004598,6,2024-02-05,2025-04-01,70.16666666666667,True
INV004599,1,2025-02-11,2025-02-11,0.0,False
INV004600,3,2024-03-11,2025-05-08,141.0,True
INV004602,9,2024-01-04,2025-04-25,53.0,True
INV004603,1,2025-03-30,2025-03-30,0.0,False
INV004604,5,2024-06-05,2025-03-11,55.8,True
INV004605,1,2025-03-02,2025-03-02,0.0,False
INV004606,4,2024-06-25,2025-03-04,63.0,True
INV004607,8,2024-03-06,2025-04-02,49.0,True
INV004608,8,2024-02-04,2025-02-23,48.125,True
INV004609,4,2024-01-08,2025-02-20,102.25,True
INV004610,1,2025-01-25,2025-01-25,0.0,False
INV004611,7,2024-02-11,2024-12-14,43.857142857142854,True
INV004612,1,2024-10-22,2024-10-22,0.0,False
INV004614,6,2024-03-09,2025-04-11,66.33333333333333,True
INV004615,2,2024-04-26,2025-05-14,191.5,True
INV004616,5,2024-07-04,2025-05-15,63.0,True
INV004617,9,2024-02-02,2024-12-12,34.888888888888886,False
INV004618,1,2024-06-27,2024-06-27,0.0,False
INV004619,4,2024-03-20,2024-08-04,34.25,False
INV004620,2,2024-02-18,2024-09-01,98.0,True
INV004621,9,2024-01-13,2025-03-22,48.22222222222222,True
INV004622,3,2024-02-09,2025-05-25,157.0,True
INV004623,3,2024-06-11,2024-12-01,57.666666666666664,True
INV004624,1,2024-05-11,2024-05-11,0.0,False
INV004625,6,2024-02-03,2025-05-30,80.33333333333333,True
INV004626,3,2024-04-17,2025-04-13,120.33333333333333,True
INV004627,5,2024-03-03,2025-03-24,77.2,True
INV004628,1,2025-04-07,2025-04-07,0.0,False
INV004629,8,2024-01-19,2025-04-15,56.5,True
INV004630,9,2024-01-17,2025-02-25,45.0,True
INV004631,8,2024-02-10,2025-05-08,56.625,True
INV004632,4,2024-01-13,2024-12-08,82.5,True
INV004633,7,2024-01-30,2025-05-13,67.0,True
INV004634,4,2024-01-23,2024-11-04,71.5,True
INV004635,7,2024-03-07,2025-02-22,50.285714285714285,True
INV004636,6,2024-02-26,2025-03-10,63.0,True
INV004637,3,2024-01-29,2025-02-26,131.33333333333334,True
INV004638,7,2024-04-23,2025-03-15,46.57142857142857,True
INV004639,3,2024-11-08,2025-01-07,20.0,False
INV004640,7,2024-03-26,2025-05-10,58.57142857142857,True
INV004641,6,2024-02-13,2025-01-17,56.5,True
INV004642,6,2024-02-23,2024-11-23,45.666666666666664,True
INV004643,6,2024-02-09,2024-10-19,42.166666666666664,True
INV004644,2,2024-09-07,2024-09-15,4.0,False
INV004645,2,2024-04-30,2025-02-21,148.5,True
INV004646,7,2024-04-03,2025-04-25,55.285714285714285,True
INV004647,7,2024-01-23,2025-03-22,60.57142857142857,True
INV004648,4,2024-01-01,2024-08-26,59.5,True
INV004649,1,2025-03-31,2025-03-31,0.0,False
INV004650,6,2024-02-06,2025-03-16,67.33333333333333,True
INV004651,5,2024-05-09,2024-10-11,31.0,False
INV004652,2,2024-01-28,2024-02-16,9.5,False
INV004653,3,2024-05-14,2025-04-18,113.0,True
INV004654,5,2024-03-29,2025-05-21,83.6,True
INV004655,4,2024-02-15,2025-02-11,90.5,True
INV004656,3,2024-01-18,2025-04-29,155.66666666666666,True
INV004657,1,2025-01-08,2025-01-08,0.0,False
INV004659,4,2024-02-07,2024-08-22,49.25,True
INV004660,3,2024-07-04,2025-05-03,101.0,True
INV004661,8,2024-01-21,2025-05-23,61.0,True
INV004662,1,2024-04-24,2024-04-24,0.0,False
INV004663,1,2025-05-23,2025-05-23,0.0,False
INV004664,3,2024-04-06,2025-04-18,125.66666666666667,True
INV004665,6,2024-02-29,2025-04-21,69.5,True
INV004666,1,2024-02-11,2024-02-11,0.0,False
INV004667,2,2024-04-20,2024-08-04,53.0,True
INV004668,2,2024-09-17,2025-04-26,110.5,True
INV004669,4,2024-10-08,2024-12-21,18.5,False
INV004670,1,2025-02-03,2025-02-03,0.0,False
INV004672,7,2024-01-21,2025-03-28,61.714285714285715,True
INV004673,4,2024-04-07,2024-12-26,65.75,True
INV004674,2,2024-12-15,2024-12-20,2.5,False
INV004675,1,2024-07-21,2024-07-21,0.0,False
INV004676,2,2024-07-06,2025-03-18,127.5,True
INV004677,4,2024-01-18,2024-12-24,85.25,True
INV004678,4,2024-05-31,2025-05-29,90.75,True
INV004679,5,2024-03-08,2025-05-22,88.0,True
INV004680,7,2024-07-07,2025-04-16,40.42857142857143,True
INV004681,2,2024-03-13,2024-03-20,3.5,False
INV004682,9,2024-01-04,2024-12-07,37.55555555555556,True
INV004683,2,2024-01-28,2024-10-07,126.5,True
INV004684,3,2024-01-20,2025-02-25,134.0,True
INV004685,1,2025-04-22,2025-04-22,0.0,False
INV004686,1,2025-04-09,2025-04-09,0.0,False
INV004687,4,2024-06-28,2025-05-04,77.5,True
INV004688,6,2024-01-21,2025-02-12,64.66666666666667,True
INV004689,3,2024-06-24,2025-03-09,86.0,True
INV004690,1,2024-10-22,2024-10-22,0.0,False
INV004691,1,2024-10-15,2024-10-15,0.0,False
INV004692,6,2024-01-22,2025-03-15,69.66666666666667,True
INV004693,5,2024-04-29,2024-12-21,47.2,True
INV004694,5,2024-02-13,2025-04-27,87.8,True
INV004695,5,2024-02-11,2025-05-28,94.4,True
INV004696,4,2024-02-19,2024-03-26,9.0,False
INV004697,1,2025-05-28,2025-05-28,0.0,False
INV004698,3,2024-04-10,2025-05-19,134.66666666666666,True
INV004699,4,2024-04-26,2025-03-24,83.0,True
INV004700,3,2024-05-28,2025-01-16,77.66666666666667,True
INV004701,7,2024-01-31,2024-05-30,17.142857142857142,False
INV004702,3,2024-04-29,2024-11-25,70.0,True
INV004703,2,2024-02-07,2024-09-22,114.0,True
INV004704,6,2024-01-17,2025-04-30,78.16666666666667,True
INV004705,1,2024-12-17,2024-12-17,0.0,False
INV004707,1,2025-03-07,2025-03-07,0.0,False
INV004709,4,2024-05-15,2024-12-19,54.5,True
INV004710,1,2024-09-19,2024-09-19,0.0,False
INV004711,5,2024-03-05,2025-01-23,64.8,True
INV004712,8,2024-03-18,2025-02-21,42.5,True
INV004713,1,2024-12-11,2024-12-11,0.0,False
INV004715,7,2024-06-22,2025-05-29,48.714285714285715,True
INV004716,7,2024-03-10,2025-05-28,63.42857142857143,True
INV004717,2,2025-02-19,2025-05-19,44.5,True
INV004718,2,2024-01-18,2024-06-12,73.0,True
INV004719,5,2024-01-11,2024-07-22,38.6,True
INV004720,4,2024-05-06,2025-03-02,75.0,True
INV004721,2,2024-04-19,2025-05-03,189.5,True
INV004722,3,2024-02-20,2025-03-26,133.33333333333334,True
INV004723,2,2024-04-02,2024-10-17,99.0,True
INV004724,3,2024-08-01,2024-11-07,32.666666666666664,False
INV004725,3,2024-01-19,2024-09-17,80.66666666666667,True
INV004727,2,2024-04-22,2024-11-11,101.5,True
INV004728,2,2024-07-17,2024-08-14,14.0,False
INV004730,2,2024-07-20,2025-01-27,95.5,True
INV004731,3,2024-05-11,2024-10-09,50.333333333333336,True
INV004733,5,2024-01-03,2024-11-11,62.6,True
INV004734,4,2024-08-15,2025-05-01,64.75,True
INV004735,3,2024-02-01,2024-07-26,58.666666666666664,True
INV004736,3,2024-03-13,2024-08-10,50.0,True
INV004737,10,2024-01-20,2025-05-25,49.1,True
INV004738,6,2024-01-25,2025-05-05,77.66666666666667,True
INV004739,5,2024-02-20,2025-05-06,88.2,True
INV004740,3,2024-01-28,2024-10-30,92.0,True
INV004741,7,2024-01-29,2025-04-07,62.0,True
INV004742,3,2024-03-19,2024-11-10,78.66666666666667,True
INV004743,1,2024-01-05,2024-01-05,0.0,False
INV004744,3,2024-07-01,2025-01-25,69.33333333333333,True
INV004745,2,2024-02-06,2024-11-11,139.5,True
INV004746,1,2024-02-14,2024-02-14,0.0,False
INV004747,5,2024-02-16,2025-05-25,92.8,True
INV004748,5,2024-02-27,2024-11-30,55.4,True
INV004749,2,2024-01-11,2024-03-31,40.0,True
INV004750,3,2024-01-18,2025-02-26,135.0,True
INV004751,3,2024-02-17,2024-11-16,91.0,True
INV004752,5,2024-11-25,2025-05-24,36.0,True
INV004753,6,2024-07-01,2025-05-04,51.166666666666664,True
INV004754,5,2024-01-07,2024-12-22,70.0,True
INV004755,7,2024-04-19,2025-04-21,52.42857142857143,True
INV004756,5,2024-01-26,2025-02-11,76.4,True
INV004757,1,2025-01-10,2025-01-10,0.0,False
INV004758,3,2024-05-07,2025-05-15,124.33333333333333,True
INV004759,3,2024-01-22,2025-01-22,122.0,True
INV004760,2,2024-10-14,2025-02-17,63.0,True
INV004761,6,2024-01-13,2025-01-04,59.5,True
INV004762,1,2024-12-02,2024-12-02,0.0,False
INV004763,7,2024-01-10,2025-05-25,71.57142857142857,True
INV004764,6,2024-03-13,2025-05-02,69.16666666666667,True
INV004765,2,2024-09-22,2024-11-01,20.0,False
INV004766,1,2024-01-28,2024-01-28,0.0,False
INV004767,3,2024-01-31,2024-09-18,77.0,True
INV004768,1,2024-09-02,2024-09-02,0.0,False
INV004769,5,2024-04-10,2025-05-18,80.6,True
INV004770,8,2024-01-04,2025-05-28,63.75,True
INV004771,5,2024-02-18,2025-05-17,90.8,True
INV004772,2,2024-08-24,2025-02-17,88.5,True
INV004773,1,2024-04-19,2024-04-19,0.0,False
INV004774,3,2024-08-07,2025-03-10,71.66666666666667,True
INV004775,3,2024-01-10,2025-05-03,159.66666666666666,True
INV004776,9,2024-02-11,2025-05-15,51.0,True
INV004777,1,2025-05-09,2025-05-09,0.0,False
INV004778,1,2024-07-13,2024-07-13,0.0,False
INV004779,1,2024-03-21,2024-03-21,0.0,False
INV004780,7,2024-02-21,2025-04-13,59.57142857142857,True
INV004781,3,2024-02-28,2024-09-03,62.666666666666664,True
INV004782,1,2024-07-25,2024-07-25,0.0,False
INV004783,1,2024-12-28,2024-12-28,0.0,False
INV004784,4,2024-05-11,2025-03-20,78.25,True
INV004785,7,2024-03-02,2025-04-03,56.714285714285715,True
INV004786,5,2024-01-26,2025-05-17,95.4,True
INV004787,7,2024-03-19,2025-05-27,62.0,True
INV004788,2,2024-08-22,2024-11-29,49.5,True
INV004790,4,2024-01-13,2024-10-21,70.5,True
INV004791,3,2024-02-02,2025-05-10,154.33333333333334,True
INV004792,2,2024-06-16,2024-12-26,96.5,True
INV004794,2,2024-09-17,2024-11-14,29.0,False
INV004795,2,2024-07-31,2024-08-13,6.5,False
INV004796,4,2024-08-27,2024-10-10,11.0,False
INV004797,4,2024-03-28,2024-10-21,51.75,True
INV004798,7,2024-01-25,2024-12-12,46.0,True
INV004799,2,2024-04-22,2024-08-23,61.5,True
INV004801,3,2024-04-05,2025-05-17,135.66666666666666,True
INV004802,5,2024-02-05,2025-01-30,72.0,True
INV004803,4,2024-03-16,2025-05-06,104.0,True
INV004804,6,2024-04-11,2025-05-12,66.0,True
INV004805,7,2024-07-05,2025-03-30,38.285714285714285,True
INV004806,2,2024-07-08,2024-10-09,46.5,True
INV004807,8,2024-08-19,2025-05-04,32.25,False
INV004808,3,2024-04-14,2024-11-09,69.66666666666667,True
INV004810,1,2024-06-27,2024-06-27,0.0,False
INV004811,5,2024-08-07,2025-03-25,46.0,True
INV004812,2,2024-11-12,2024-12-20,19.0,False
INV004813,6,2024-01-31,2024-12-06,51.666666666666664,True
INV004814,4,2024-01-10,2024-11-03,74.5,True
INV004815,3,2024-01-30,2025-03-03,132.66666666666666,True
INV004816,2,2024-06-23,2024-12-31,95.5,True
INV004817,5,2024-01-10,2025-04-30,95.2,True
INV004818,4,2024-10-12,2025-05-08,52.0,True
INV004819,7,2024-03-09,2025-03-16,53.142857142857146,True
INV004820,2,2024-09-08,2025-01-04,59.0,True
INV004821,4,2024-08-12,2025-03-27,56.75,True
INV004822,5,2024-03-22,2025-04-01,75.0,True
INV004823,5,2024-04-07,2025-05-26,82.8,True
INV004825,7,2024-03-11,2025-05-05,60.0,True
INV004826,4,2024-06-18,2025-05-24,85.0,True
INV004827,2,2024-08-08,2025-02-03,89.5,True
INV004828,4,2024-10-14,2024-12-10,14.25,False
INV004829,5,2024-03-30,2025-01-11,57.4,True
INV004830,3,2024-02-19,2024-06-20,40.666666666666664,True
INV004831,2,2024-01-12,2024-10-31,146.5,True
INV004832,2,2024-02-10,2025-01-27,176.0,True
INV004833,6,2024-05-27,2025-04-19,54.5,True
INV004834,9,2024-02-05,2024-12-10,34.333333333333336,False
INV004835,5,2024-05-16,2025-05-20,73.8,True
INV004836,4,2024-03-16,2025-04-13,98.25,True
INV004837,5,2024-02-27,2025-05-13,88.2,True
INV004839,1,2024-09-16,2024-09-16,0.0,False
INV004840,7,2024-05-22,2025-01-23,35.142857142857146,True
INV004841,4,2024-01-07,2025-04-23,118.0,True
INV004842,1,2024-08-29,2024-08-29,0.0,False
INV004843,8,2024-04-07,2025-03-29,44.5,True
INV004844,7,2024-04-24,2025-05-29,57.142857142857146,True
INV004845,6,2024-01-25,2025-03-09,68.16666666666667,True
INV004846,4,2024-03-14,2025-03-06,89.25,True
INV004847,7,2024-01-27,2025-04-12,63.0,True
INV004848,9,2024-01-17,2025-03-25,48.111111111111114,True
INV004849,4,2024-03-15,2025-01-27,79.5,True
INV004850,5,2024-01-12,2025-02-28,82.6,True
INV004851,2,2024-03-19,2024-10-05,100.0,True
INV004852,3,2024-01-09,2025-03-07,141.0,True
INV004853,4,2024-07-06,2025-05-06,76.0,True
INV004854,5,2024-01-15,2025-05-09,96.0,True
INV004855,4,2024-04-11,2024-09-07,37.25,True
INV004856,4,2024-04-05,2024-12-04,60.75,True
INV004857,2,2024-06-04,2024-12-26,102.5,True
INV004858,5,2024-02-21,2025-03-29,80.4,True
INV004860,6,2024-03-04,2025-03-31,65.33333333333333,True
INV004861,2,2024-03-05,2024-11-21,130.5,True
INV004862,2,2024-07-21,2025-04-20,136.5,True
INV004863,7,2024-03-18,2025-04-30,58.285714285714285,True
INV004864,8,2024-03-05,2025-01-02,37.875,True
INV004865,7,2024-02-20,2025-05-23,65.42857142857143,True
INV004866,4,2024-01-24,2024-12-21,83.0,True
INV004867,4,2024-01-03,2025-02-08,100.5,True
INV004868,8,2024-04-13,2025-05-10,49.0,True
INV004869,2,2024-02-25,2024-05-06,35.5,True
INV004870,2,2024-03-20,2024-06-30,51.0,True
INV004871,8,2024-01-10,2025-05-08,60.5,True
INV004872,2,2024-03-02,2024-10-21,116.5,True
INV004874,3,2024-02-26,2025-03-15,127.66666666666667,True
INV004875,5,2024-05-18,2025-05-02,69.8,True
INV004876,5,2024-03-01,2025-04-15,82.0,True
INV004877,7,2024-01-14,2025-05-11,69.0,True
INV004878,1,2025-02-10,2025-02-10,0.0,False
INV004879,1,2025-05-25,2025-05-25,0.0,False
INV004880,5,2024-01-04,2024-10-21,58.2,True
INV004881,3,2024-04-07,2025-05-11,133.0,True
INV004882,2,2024-06-25,2024-11-11,69.5,True
INV004883,3,2024-12-13,2025-04-08,38.666666666666664,True
INV004884,3,2024-05-05,2025-01-08,82.66666666666667,True
INV004885,4,2024-10-02,2025-05-22,58.0,True
INV004886,2,2024-03-15,2024-07-27,67.0,True
INV004887,1,2024-06-17,2024-06-17,0.0,False
INV004888,4,2024-09-23,2025-03-31,47.25,True
INV004889,7,2024-01-28,2025-03-27,60.57142857142857,True
INV004890,3,2024-03-25,2025-03-15,118.33333333333333,True
INV004891,8,2024-02-08,2025-03-05,48.875,True
INV004892,4,2024-02-25,2025-04-08,102.0,True
INV004893,2,2024-08-15,2024-08-31,8.0,False
INV004894,4,2024-01-07,2024-08-17,55.75,True
INV004895,3,2024-06-26,2024-12-24,60.333333333333336,True
INV004896,6,2024-02-13,2025-03-16,66.16666666666667,True
INV004897,1,2025-02-02,2025-02-02,0.0,False
INV004898,1,2024-06-10,2024-06-10,0.0,False
INV004899,5,2024-01-20,2024-10-26,56.0,True
INV004900,4,2024-06-13,2025-01-14,53.75,True
INV004901,6,2024-06-18,2025-03-18,45.5,True
INV004903,5,2024-02-15,2025-04-21,86.2,True
INV004904,3,2024-07-14,2024-12-09,49.333333333333336,True
INV004905,1,2024-12-30,2024-12-30,0.0,False
INV004906,1,2024-05-14,2024-05-14,0.0,False
INV004907,4,2024-09-14,2025-01-10,29.5,False
INV004908,5,2024-03-05,2025-03-12,74.4,True
INV004909,1,2024-02-20,2024-02-20,0.0,False
INV004910,5,2024-05-21,2025-05-11,71.0,True
INV004911,7,2024-01-20,2025-02-05,54.57142857142857,True
INV004912,4,2024-03-07,2025-04-23,103.0,True
INV004913,6,2024-03-12,2025-05-21,72.5,True
INV004914,4,2024-01-10,2025-02-01,97.0,True
INV004915,5,2024-01-01,2024-08-08,44.0,True
INV004916,7,2024-01-16,2025-04-13,64.71428571428571,True
INV004917,7,2024-06-14,2025-04-16,43.714285714285715,True
INV004918,5,2024-05-22,2025-05-11,70.8,True
INV004919,3,2024-10-01,2025-05-24,78.33333333333333,True
INV004920,5,2024-07-12,2025-04-16,55.6,True
INV004921,1,2024-07-14,2024-07-14,0.0,False
INV004922,3,2024-02-09,2025-04-13,143.0,True
INV004923,3,2024-06-22,2024-11-15,48.666666666666664,True
INV004924,9,2024-01-10,2025-05-02,53.111111111111114,True
INV004925,7,2024-01-30,2025-03-30,60.714285714285715,True
INV004926,8,2024-02-21,2025-05-30,58.0,True
INV004927,7,2024-02-25,2024-09-17,29.285714285714285,False
INV004928,1,2024-11-17,2024-11-17,0.0,False
INV004929,4,2024-02-28,2025-05-25,113.0,True
INV004930,2,2024-03-22,2024-05-02,20.5,False
INV004931,2,2024-04-12,2024-11-11,106.5,True
INV004932,4,2024-01-23,2025-03-02,101.0,True
INV004933,3,2024-07-20,2024-11-03,35.333333333333336,True
INV004934,5,2024-09-13,2025-04-27,45.2,True
INV004935,2,2024-10-30,2025-03-31,76.0,True
INV004937,1,2024-07-19,2024-07-19,0.0,False
INV004938,5,2024-05-14,2025-04-29,70.0,True
INV004939,5,2024-01-04,2024-12-17,69.6,True
INV004940,1,2024-12-20,2024-12-20,0.0,False
INV004942,4,2025-01-19,2025-05-27,32.0,False
INV004943,4,2024-04-12,2025-05-14,99.25,True
INV004944,3,2024-06-30,2025-05-21,108.33333333333333,True
INV004945,5,2024-02-18,2025-05-25,92.4,True
INV004946,1,2024-09-08,2024-09-08,0.0,False
INV004947,6,2024-02-02,2024-09-14,37.5,True
INV004948,4,2024-06-13,2025-04-25,79.0,True
INV004949,3,2024-12-04,2025-01-19,15.333333333333334,False
INV004950,5,2024-03-07,2025-05-06,85.0,True
INV004951,4,2024-03-12,2025-02-22,86.75,True
INV004952,2,2024-07-02,2025-03-17,129.0,True
INV004953,7,2024-02-15,2025-03-24,57.57142857142857,True
INV004954,2,2024-03-23,2024-09-23,92.0,True
INV004955,3,2024-09-06,2025-04-24,76.66666666666667,True
INV004956,8,2024-02-17,2025-04-06,51.75,True
INV004957,3,2024-01-09,2024-04-24,35.333333333333336,True
INV004958,7,2024-01-10,2025-03-24,62.714285714285715,True
INV004959,6,2024-01-24,2025-01-01,57.166666666666664,True
INV004960,3,2024-05-24,2024-10-08,45.666666666666664,True
INV004961,3,2024-01-14,2025-04-24,155.33333333333334,True
INV004962,5,2024-03-04,2025-01-08,62.0,True
INV004963,5,2024-03-03,2025-05-16,87.8,True
INV004964,3,2024-06-08,2025-03-22,95.66666666666667,True
INV004966,1,2024-11-25,2024-11-25,0.0,False
INV004967,6,2024-03-26,2025-02-05,52.666666666666664,True
INV004968,5,2024-03-01,2024-07-26,29.4,False
INV004969,5,2024-04-09,2025-02-24,64.2,True
INV004970,5,2024-07-03,2025-03-06,49.2,True
INV004971,2,2024-01-15,2024-09-16,122.5,True
INV004972,3,2024-03-06,2025-02-12,114.33333333333333,True
INV004973,9,2024-02-14,2025-04-29,48.888888888888886,True
INV004974,8,2024-04-12,2025-04-14,45.875,True
INV004977,2,2024-05-09,2025-02-28,147.5,True
INV004978,7,2024-03-31,2025-04-18,54.714285714285715,True
INV004979,3,2024-05-17,2025-01-19,82.33333333333333,True
INV004980,3,2024-03-19,2024-12-22,92.66666666666667,True
INV004981,8,2024-01-05,2024-12-14,43.0,True
INV004982,4,2024-02-07,2025-02-11,92.5,True
INV004983,7,2024-01-16,2024-12-27,49.42857142857143,True
INV004984,7,2024-01-31,2025-04-27,64.57142857142857,True
INV004985,4,2024-01-24,2025-03-17,104.5,True
INV004986,7,2024-01-27,2025-05-29,69.71428571428571,True
INV004987,4,2024-02-04,2024-12-03,75.75,True
INV004988,2,2024-01-23,2025-04-10,221.5,True
INV004989,5,2024-03-31,2025-05-05,80.0,True
INV004990,4,2024-05-06,2025-01-03,60.5,True
INV004991,1,2024-04-30,2024-04-30,0.0,False
INV004992,7,2024-01-05,2025-05-08,69.85714285714286,True
INV004993,2,2024-07-07,2025-01-11,94.0,True
INV004994,4,2024-06-23,2025-01-10,50.25,True
INV004995,4,2024-05-24,2025-01-05,56.5,True
INV004996,10,2024-03-04,2025-04-25,41.7,True
INV004997,7,2024-02-27,2025-04-28,60.857142857142854,True
INV004998,3,2024-06-30,2025-02-09,74.66666666666667,True
INV004999,2,2024-05-26,2024-09-11,54.0,True
